pmid,title,journal,date,num_authors
28244479,Cancer and cure: A critical analysis.,Indian journal of cancer,2016-1-1,2
31761807,What Is Cancer?,Perspectives in biology and medicine,2019-1-1,1
28574057,New methods in the diagnosis of cancer and gene therapy of cancer based on nanoparticles.,Cancer gene therapy,2017-Jun-1,11
27741350,Measuring cancer evolution from the genome.,The Journal of pathology,2017-Jan-1,2
38175589,Epidemiology of Cancer.,Clinical chemistry,2024-Jan-04,1
36361634,The Role of Telomerase in Breast Cancer's Response to Therapy.,International journal of molecular sciences,2022-Oct-25,5
33580511,"Signaling, metabolism, and cancer: An important relationship for therapeutic intervention.",Journal of cellular physiology,2021-Aug-1,6
18538731,Tumor cell metabolism: cancer's Achilles' heel.,Cancer cell,2008-Jun-1,2
38702718,"Signaling, cancer cell plasticity, and intratumor heterogeneity.",Cell communication and signaling : CCS,2024-May-03,4
36713409,Tertiary lymphoid structures are critical for cancer prognosis and therapeutic response.,Frontiers in immunology,2022-1-1,2
39543752,"New thiophene derivatives: chemoselective synthesis, antitumor effectiveness, structural characterization, DFT calculations, Hirshfeld surface, and Fukui function analysis.",BMC chemistry,2024-Nov-14,8
39519654,Anticancer Effect of ,"Molecules (Basel, Switzerland)",2024-Oct-23,14
39464707,Innovative strategies in genitourinary cancer: the role of oncolytic viruses.,Frontiers in oncology,2024-1-1,10
39457573,Pigment Epithelial-Derived Factor in Pancreatic and Liver Cancers-From Inflammation to Cancer.,Biomedicines,2024-Oct-04,3
39432502,Genetic insights into the connection between pulmonary TB and non-communicable diseases: An integrated analysis of shared genes and potential treatment targets.,PloS one,2024-1-1,6
39309448,"Antioxidant genes in cancer and metabolic diseases: Focusing on Nrf2, Sestrin, and heme oxygenase 1.",International journal of biological sciences,2024-1-1,9
39199299,"Perforin 1 in Cancer: Mechanisms, Therapy, and Outlook.",Biomolecules,2024-Jul-26,6
39172329,Clinical Progresses and Challenges of Bispecific Antibodies for the Treatment of Solid Tumors.,Molecular diagnosis & therapy,2024-Nov-1,2
39170890,A systematic review of the economic burden of colorectal cancer.,Health science reports,2024-Aug-1,3
39156270,Exploring the Cytotoxic and Anticancer Potential of Naringin on Oral Cancer Cell Line.,Cureus,2024-Jul-1,4
39126491,Effects of nutritional interventions on cancer patients receiving neoadjuvant chemoradiotherapy: a meta-analysis of randomized controlled trials.,Supportive care in cancer : official journal of the Multinational Association of Supportive Care in Cancer,2024-Aug-10,5
39060656,Antitumor activity of Polygonatum sibiricum polysaccharides.,Archives of pharmacal research,2024-Sep-1,6
39031243,Rosmarinic acid modulates purinergic signaling and induces apoptosis in melanoma cells.,Purinergic signalling,2024-Jul-20,11
38994758,mRNA vaccine development and applications: A special focus on tumors (Review).,International journal of oncology,2024-Aug-1,12
38962306,Assessing genotoxic effects of chemotherapy agents by a robust ,Frontiers in pharmacology,2024-1-1,11
38916791,Breaking Barriers: Nucleic Acid Aptamers in Gastrointestinal (GI) Cancers Therapy.,Cell biochemistry and biophysics,2024-Sep-1,10
38892035,The Relationship between Circadian Rhythm and Cancer Disease.,International journal of molecular sciences,2024-May-28,8
38709265,A bibliometric analysis of the application of the PI3K-AKT-mTOR signaling pathway in cancer.,Naunyn-Schmiedeberg's archives of pharmacology,2024-Oct-1,3
38581717,Cyclin B1: A potential prognostic and immunological biomarker in pan-cancer.,Biomolecules & biomedicine,2024-Sep-06,3
38482619,Investigating the Effects of ,Anti-cancer agents in medicinal chemistry,2024-1-1,5
38406797,An evolutionary learning-based method for identifying a circulating miRNA signature for breast cancer diagnosis prediction.,NAR genomics and bioinformatics,2024-Mar-1,10
38274938,"Unlocking Early Cancer Detection: Exploring Biomarkers, Circulating DNA, and Innovative Technological Approaches.",Cureus,2023-Dec-1,5
38202567,Functionalized Nanomaterials for Inhibiting ATP-Dependent Heat Shock Proteins in Cancer Photothermal/Photodynamic Therapy and Combination Therapy.,"Nanomaterials (Basel, Switzerland)",2024-Jan-02,4
38187062,Influences of umbilical cord mesenchymal stem cells and their exosomes on tumor cell phenotypes.,American journal of cancer research,2023-1-1,5
38093732,"Iodine catalyzed synthesis of imidazo[1,2-",RSC advances,2023-Dec-08,2
38083896,An Insight into the Promising Therapeutic Potential of Chicoric Acid.,Current pharmaceutical biotechnology,2024-1-1,5
38038165,Function of microRNA‑124 in the pathogenesis of cancer (Review).,International journal of oncology,2024-Jan-1,12
38027310,Research Advances of Engineered Exosomes as Drug Delivery Carrier.,ACS omega,2023-Nov-21,6
38024311,A review on hybridization of plasmonic and photonic crystal biosensors for effective cancer cell diagnosis.,Nanoscale advances,2023-Nov-21,7
37998326,The Anti-Cancer Activity of the Naturally Occurring Dipeptide Carnosine: Potential for Breast Cancer.,Cells,2023-Nov-08,9
37975929,Comparison of anti-cancer effects of platinum ribavirin and ribavirin via telomerase and Bcl-2 gene expression.,Naunyn-Schmiedeberg's archives of pharmacology,2024-Jun-1,3
37969702,Examining the impact of early enteral nutritional support on postoperative recovery in patients undergoing surgical treatment for gastrointestinal neoplasms.,World journal of gastrointestinal surgery,2023-Oct-27,5
37958772,"Therapeutic Potential of 1,8-Dihydroanthraquinone Derivatives for Breast Cancer.",International journal of molecular sciences,2023-Oct-31,6
37859875,Novel Chemotherapy Modalities for Different Cancers.,Cureus,2023-Sep-1,5
37646041,Pan-cancer analysis of IFN-γ with possible immunotherapeutic significance: a verification of single-cell sequencing and bulk omics research.,Frontiers in immunology,2023-1-1,7
37628839,In Silico Identification of Potential Quadruplex Forming Sequences in LncRNAs of Cervical Cancer.,International journal of molecular sciences,2023-Aug-10,4
37570851,The Role and Mechanism of ,"Molecules (Basel, Switzerland)",2023-Aug-04,9
37511551,"Atherosclerosis, Diabetes Mellitus, and Cancer: Common Epidemiology, Shared Mechanisms, and Future Management.",International journal of molecular sciences,2023-Jul-22,3
37299182,"Cytotoxic, Anti-Hemolytic, and Antioxidant Activities of ","Plants (Basel, Switzerland)",2023-Jun-02,8
37285365,Trace quantification of GL-V9 and its glucuronide metabolites (5-O-glucuronide GL-V9) in Beagle dog plasma by UPLC-MS/MS and its application to a pharmacokinetic study.,PloS one,2023-1-1,5
37197258,History of colonoscopy and technological advances: a narrative review.,Translational gastroenterology and hepatology,2023-1-1,6
37175226,"Abscopal Effect, Extracellular Vesicles and Their Immunotherapeutic Potential in Cancer Treatment.","Molecules (Basel, Switzerland)",2023-Apr-29,7
37033847,Palladium-Mediated Synthesis of 2-([Biphenyl]-4-yloxy)quinolin-3-carbaldehydes through Suzuki-Miyaura Cross-Coupling and Their in Silico Breast Cancer Studies on the 3ERT Protein.,ACS omega,2023-Apr-04,4
36986549,Propolis: A Detailed Insight of Its Anticancer Molecular Mechanisms.,"Pharmaceuticals (Basel, Switzerland)",2023-Mar-16,7
36943663,Emerging role of lipophagy in liver disorders.,Molecular and cellular biochemistry,2024-Jan-1,10
36844721,The role of ginseng derivatives against chemotherapy-induced cardiotoxicity: A systematic review of non-clinical studies.,Frontiers in cardiovascular medicine,2023-1-1,4
36839030,Modified Bacteriophage for Tumor Detection and Targeted Therapy.,"Nanomaterials (Basel, Switzerland)",2023-Feb-08,5
36743028,DNA Nano Trihedron Exhibits an Inhibitory Effect on Breast Cancer Cells.,ACS omega,2023-Jan-31,5
36717861,The dual role of microRNA (miR)-20b in cancers: Friend or foe?,Cell communication and signaling : CCS,2023-Jan-30,9
36626098,Antitumor activity of bovine lactoferrin and its derived peptides against HepG2 liver cancer cells and Jurkat leukemia cells.,"Biometals : an international journal on the role of metal ions in biology, biochemistry, and medicine",2023-Jun-1,9
36620535,"Preclinical profiles of SKB264, a novel anti-TROP2 antibody conjugated to topoisomerase inhibitor, demonstrated promising antitumor efficacy compared to IMMU-132.",Frontiers in oncology,2022-1-1,13
36467499,Targeted Pyroptosis Is a Potential Therapeutic Strategy for Cancer.,Journal of oncology,2022-1-1,4
36370774,Systematic scoping review evaluating the potential of wastewater-based epidemiology for monitoring cardiovascular disease and cancer.,The Science of the total environment,2023-Feb-01,3
36355478,In Vitro and In Vivo Evaluation of the Effectiveness and Safety of Amygdalin as a Cancer Therapy.,"Pharmaceuticals (Basel, Switzerland)",2022-Oct-22,6
36354315,"Anthracycline chemotherapy, vascular dysfunction and cognitive impairment: burgeoning topics and future directions.",Future cardiology,2023-Sep-1,2
36211441,Exploration of immune response mechanisms in cadmium and copper co-exposed juvenile golden cuttlefish (,Frontiers in immunology,2022-1-1,10
36110131,"Green synthesis, structure optimization and biological evalution of Rhopaladins' analog 2-styryl-5-oxopyrrolidine-2- carboxamide RPDPRH on CaSki cells.",Frontiers in chemistry,2022-1-1,9
36091247,Regulation of dietary polyphenols on cancer cell pyroptosis and the tumor immune microenvironment.,Frontiers in nutrition,2022-1-1,5
36046484,"Potential of guggulsterone, a farnesoid X receptor antagonist, in the prevention and treatment of cancer.",Exploration of targeted anti-tumor therapy,2020-1-1,5
35844396,Bioinformatics role of the WGCNA analysis and co-expression network identifies of prognostic marker in lung cancer.,Saudi journal of biological sciences,2022-May-1,11
35796777,RNA N6-methyladenosine modification in regulating cancer stem cells and tumor immune microenvironment and its implication for cancer therapy.,Journal of cancer research and clinical oncology,2023-Apr-1,3
35755728,Deep Learning-Based CT Imaging for the Diagnosis of Liver Tumor.,Computational intelligence and neuroscience,2022-1-1,5
35745567,Novel Effects of Statins on Cancer via Autophagy.,"Pharmaceuticals (Basel, Switzerland)",2022-May-24,6
35665067,"Design, Synthesis, and Apoptosis-Promoting Effect Evaluation of Rhopaladins' Analog 4-Arylidene-5-Oxopyrrolidine Derivatives.",Frontiers in chemistry,2022-1-1,9
35603567,Identification of novel natural inhibitors targeting AKT Serine/Threonine Kinase 1 (AKT1) by computational study.,Bioengineered,2022-May-1,12
35498001,Higher Mortality Associated With New-Onset Atrial Fibrillation in Cancer Patients: A Systematic Review and Meta-Analysis.,Frontiers in cardiovascular medicine,2022-1-1,5
35458136,The Employment of Genera ,Nutrients,2022-Apr-10,19
35433388,The Influence of Analgesic Modalities on Postoperative Cancer Recurrence.,Anesthesiology and pain medicine,2022-Feb-1,9
35408492,Effects of Artonin E on Cell Growth Inhibition and Apoptosis Induction in Colon Cancer LoVo and HCT116 Cells.,"Molecules (Basel, Switzerland)",2022-Mar-24,5
35299682,Identification of Immune-Related Prognostic Markers in Gastric Cancer.,Journal of healthcare engineering,2022-1-1,4
35280516,Hypoxic Microenvironment-Induced Reduction in PTEN-L Secretion Promotes Non-Small Cell Lung Cancer Metastasis through PI3K/AKT Pathway.,Evidence-based complementary and alternative medicine : eCAM,2022-1-1,4
35157120,Therapeutic approach for digestive system cancers and potential implications of exercise under hypoxia condition: what little is known? a narrative review.,Journal of cancer research and clinical oncology,2022-May-1,3
35095493,"Jatrorrhizine: A Review of Sources, Pharmacology, Pharmacokinetics and Toxicity.",Frontiers in pharmacology,2021-1-1,6
35055962,Prevalence of Cyclomodulin-Positive ,"Pathogens (Basel, Switzerland)",2021-Dec-23,11
35028645,The role of complement in the tumor microenvironment.,Faculty reviews,2021-1-1,4
35011447,"Identification and Quantification, Metabolism and Pharmacokinetics, Pharmacological Activities, and Botanical Preparations of Protopine: A Review.","Molecules (Basel, Switzerland)",2021-Dec-30,4
34888205,"Breast Cancer: A Global Concern, Diagnostic and Therapeutic Perspectives, Mechanistic Targets in Drug Development.",Advanced pharmaceutical bulletin,2021-Sep-1,6
34754327,"Deep Learning in Cancer Diagnosis and Prognosis Prediction: A Minireview on Challenges, Recent Trends, and Future Directions.",Computational and mathematical methods in medicine,2021-1-1,7
34582674,Constipation in Chemotherapy Patients: A Diagnostic Accuracy Study.,Asian Pacific journal of cancer prevention : APJCP,2021-Sep-01,8
34239860,Recapitulating Tumorigenesis ,Frontiers in bioengineering and biotechnology,2021-1-1,6
34149687,The Macrophage Response Is Driven by Mesenchymal Stem Cell-Mediated Metabolic Reprogramming.,Frontiers in immunology,2021-1-1,11
34139984,"Dapsone, More than an Effective Neuro and Cytoprotective Drug.",Current neuropharmacology,2022-1-1,6
33922000,Therapeutic Potential of Hispidin-Fungal and Plant Polyketide.,"Journal of fungi (Basel, Switzerland)",2021-Apr-22,5
33830559,Tumor suppressor role of hsa_circ_0035445 in gastric cancer.,Journal of clinical laboratory analysis,2021-Jun-1,5
33746573,Global profile of tRNA-derived small RNAs in gastric cancer patient plasma and identification of tRF-33-P4R8YP9LON4VDP as a new tumor suppressor.,International journal of medical sciences,2021-1-1,7
33575800,Genetically regulated expression underlies cellular sensitivity to chemotherapy in diverse populations.,Human molecular genetics,2021-Apr-26,4
33402733,LOX-1 and cancer: an indissoluble liaison.,Cancer gene therapy,2021-Nov-1,7
33363625,Evolution from small molecule to nano-drug delivery systems: An emerging approach for cancer therapy of ursolic acid.,Asian journal of pharmaceutical sciences,2020-Nov-1,9
33163406,Neoadjuvant and Adjuvant Immunotherapy: Opening New Horizons for Patients With Early-Stage Non-small Cell Lung Cancer.,Frontiers in oncology,2020-1-1,6
33133646,The caspase-3/GSDME signal pathway as a switch between apoptosis and pyroptosis in cancer.,Cell death discovery,2020-1-1,4
32984343,Bruton's Tyrosine Kinase (BTK) Inhibitor RN486 Overcomes ABCB1-Mediated Multidrug Resistance in Cancer Cells.,Frontiers in cell and developmental biology,2020-1-1,10
32984260,IGF2BP3 May Contributes to Lung Tumorigenesis by Regulating the Alternative Splicing of PKM.,Frontiers in bioengineering and biotechnology,2020-1-1,11
32388498,Computational study of novel natural inhibitors targeting aminopeptidase N(CD13).,Aging,2020-May-09,9
31636809,Emerging Perspective: Role of Increased ROS and Redox Imbalance in Skin Carcinogenesis.,Oxidative medicine and cellular longevity,2019-1-1,5
31416420,Stoichiometric gene-to-reaction associations enhance model-driven analysis performance: Metabolic response to chronic exposure to Aldrin in prostate cancer.,BMC genomics,2019-Aug-15,6
39555072,Neutrophil extracellular traps in tumor progression of gynecologic cancers.,Frontiers in immunology,2024-1-1,7
39436581,"Advancements of anticancer agents by targeting the Hippo signalling pathway: biological activity, selectivity, docking analysis, and structure-activity relationship.",Molecular diversity,2024-Oct-22,10
39398533,The mechanism and potential therapeutic target of piezo channels in pain.,"Frontiers in pain research (Lausanne, Switzerland)",2024-1-1,8
39275058,Turmeric Essential Oil Constituents as Potential Drug Candidates: A Comprehensive Overview of Their Individual Bioactivities.,"Molecules (Basel, Switzerland)",2024-Sep-05,1
39196463,"Oncology researchers' and clinicians' perceptions of complementary, alternative, and integrative medicine: an international, cross-sectional survey.",Supportive care in cancer : official journal of the Multinational Association of Supportive Care in Cancer,2024-Aug-28,3
39022516,A Descriptive Cross-Sectional Study on Clinical Epidemiology of Different Types of Cancer in a Tertiary Care Centre: Insights From Eastern India.,Cureus,2024-Jun-1,7
38998686,Microwave-Responsive Metal-Organic Frameworks (MOFs) for Enhanced In Vitro Controlled Release of Doxorubicin.,"Nanomaterials (Basel, Switzerland)",2024-Jun-24,6
38835046,Physical rehabilitation program for cardiorespiratory health and quality of life among breast cancer survivors in UAE: protocol for a randomized control trial.,Trials,2024-Jun-04,4
38745507,Rice bran arabinoxylan compound as a natural product for cancer treatment - an evidence-based assessment of the effects and mechanisms.,Pharmaceutical biology,2024-Dec-1,4
38195781,Revolutionizing cancer treatment: comprehensive insights into immunotherapeutic strategies.,"Medical oncology (Northwood, London, England)",2024-Jan-09,6
38188016,,Frontiers in cell and developmental biology,2023-1-1,5
37958697,Current Advances of Atomically Dispersed Metal-Centered Nanozymes for Tumor Diagnosis and Therapy.,International journal of molecular sciences,2023-Oct-28,5
37814270,Progressing nanotechnology to improve targeted cancer treatment: overcoming hurdles in its clinical implementation.,Molecular cancer,2023-Oct-09,17
37711849,Identification of CHMP7 as a promising immunobiomarker for immunotherapy and chemotherapy and impact on prognosis of colorectal cancer patients.,Frontiers in cell and developmental biology,2023-1-1,4
37649893,Advances in the roles of glycyrrhizic acid in cancer therapy.,Frontiers in pharmacology,2023-1-1,8
37594586,Bio-based Carbon dots Loaded with 5-Fu: A Multifunctional drug Delivery System.,Journal of fluorescence,2024-Jul-1,6
37570875,Exploring Nanocarriers as Treatment Modalities for Skin Cancer.,"Molecules (Basel, Switzerland)",2023-Aug-05,10
37465349,circRNA THBS1 silencing inhibits the malignant biological behavior of cervical cancer cells via the regulation of miR-543/HMGB2 axis.,"Open medicine (Warsaw, Poland)",2023-1-1,6
37340203,"Polysaccharide of Alocasia cucullata Exerts Antitumor Effect by Regulating Bcl-2, Caspase-3 and ERK1/2 Expressions during Long-Time Administration.",Chinese journal of integrative medicine,2024-Jan-1,9
36986024,Inorganic Nanomaterials Used in Anti-Cancer Therapies:Further Developments.,"Nanomaterials (Basel, Switzerland)",2023-Mar-22,9
36845553,Targeting potential receptor molecules in non-small cell lung cancer (NSCLC) using in silico approaches.,Frontiers in molecular biosciences,2023-1-1,7
36844627,Macamide B suppresses lung cancer progression potentially via the ATM signaling pathway.,Oncology letters,2023-Mar-1,4
36837801,Role of Metabolism and Metabolic Pathways in Prostate Cancer.,Metabolites,2023-Jan-25,7
36834525,Bacterial Infections and Cancer: Exploring This Association And Its Implications for Cancer Patients.,International journal of molecular sciences,2023-Feb-04,3
36814229,Epidemiology and source of infection in cancer patients with febrile neutropenia: an experience from a developing country.,BMC infectious diseases,2023-Feb-22,10
36714524,A Review of the Pharmacokinetic Characteristics of Immune Checkpoint Inhibitors and Their Clinical Impact Factors.,Pharmacogenomics and personalized medicine,2023-1-1,2
36713029,RING Finger Protein 10 Regulates AP-1/Meox2 to Mediate Pirarubicin-Induced Cardiomyocyte Apoptosis.,Oxidative medicine and cellular longevity,2023-1-1,6
36407085,"Downregulation of hsa-miR-135b-5p Inhibits Cell Proliferation, Migration, and Invasion in Colon Adenocarcinoma.",Genetics research,2022-1-1,5
36293239,Unraveling the Potential Role of NEDD4-like E3 Ligases in Cancer.,International journal of molecular sciences,2022-Oct-16,8
36204132,rhCNB Improves Cyclophosphamide-Induced Immunodeficiency in BALB/c Mice.,Evidence-based complementary and alternative medicine : eCAM,2022-1-1,4
36131911,Immunotherapy of targeting MDSCs in tumor microenvironment.,Frontiers in immunology,2022-1-1,14
35991884,Manpixiao Decoction Halted the Malignant Transformation of Precancerous Lesions of Gastric Cancer: From Network Prediction to ,Frontiers in pharmacology,2022-1-1,11
35804886,Probing Vasoreactivity and Hypoxic Phenotype in Different Tumor Grafts Grown on the Chorioallantoic Membrane of the Chicken Embryo In Ovo Using MRI.,Cancers,2022-Jun-25,9
35401204,C1QTNF6 is a Prognostic Biomarker and Related to Immune Infiltration and Drug Sensitivity: A Pan-Cancer Analysis.,Frontiers in pharmacology,2022-1-1,7
35399507,The Impact of Metabolic Syndrome and Type 2 Diabetes ,Frontiers in cell and developmental biology,2022-1-1,6
35111762,Prefoldin Function in Cellular Protein Homeostasis and Human Diseases.,Frontiers in cell and developmental biology,2021-1-1,3
35087593,,Evidence-based complementary and alternative medicine : eCAM,2022-1-1,11
35082907,Pharmacological Effects and Underlying Mechanisms of Licorice-Derived Flavonoids.,Evidence-based complementary and alternative medicine : eCAM,2022-1-1,13
35046810,Current Advances in ,Frontiers in pharmacology,2021-1-1,6
34863188,miRNA-214-5p inhibits prostate cancer cell proliferation by targeting SOX4.,World journal of surgical oncology,2021-Dec-04,8
34070945,"Metabolites Profiling, In Vitro, In Vivo, Computational Pharmacokinetics and Biological Predictions of ","Plants (Basel, Switzerland)",2021-May-30,9
34067322,Recent Findings on Thymoquinone and Its Applications as a Nanocarrier for the Treatment of Cancer and Rheumatoid Arthritis.,Pharmaceutics,2021-May-22,4
39522104,"Isolation, identification, and challenges of extracellular vesicles: emerging players in clinical applications.",Apoptosis : an international journal on programmed cell death,2025-Feb-1,11
39458667,Applications of Novel Microscale and Nanoscale Materials for Theranostics: From Design to Clinical Translation.,Pharmaceutics,2024-Oct-18,5
39451404,Targeted Drug Delivery in Periorbital Non-Melanocytic Skin Malignancies.,"Bioengineering (Basel, Switzerland)",2024-Oct-15,9
39450562,Melatonin and vitamin D as potential synergistic adjuvants for cancer therapy (Review).,International journal of oncology,2024-Dec-1,7
39409108,Unveiling the Anticancer Potential: Computational Exploration of Nitrogenated Derivatives of (+)-Pancratistatin as Topoisomerase I Inhibitors.,International journal of molecular sciences,2024-Oct-07,10
39372551,"Based on Medicine, The Now and Future of Large Language Models.",Cellular and molecular bioengineering,2024-Aug-1,6
39314753,Antitumor properties of griseofulvin and its toxicity.,Frontiers in pharmacology,2024-1-1,8
39285886,Porphyrin photosensitizer molecules as effective medicine candidates for photodynamic therapy: electronic structure information aided design.,RSC advances,2024-Sep-12,7
39246746,A comprehensive apoptotic assessment of niloticin in cervical cancer cells: a tirucallane-type triterpenoid from ,RSC medicinal chemistry,2024-Aug-08,8
38994350,Different origin-derived exosomes and their clinical advantages in cancer therapy.,Frontiers in immunology,2024-1-1,9
38817429,Tackling breast cancer with gold nanoparticles: twinning synthesis and particle engineering with efficacy.,Nanoscale advances,2024-May-29,7
38760742,Ferroptosis is a protective factor for the prognosis of cancer patients: a systematic review and meta-analysis.,BMC cancer,2024-May-17,7
38736745,Nanoplatform based on carbon nanoparticles loaded with doxorubicin enhances apoptosis by generating reactive oxygen species for effective cancer therapy.,Oncology letters,2024-Jun-1,10
38706910,Ultrasound-targeted microbubble destruction improves the suppression and magnetic resonance imaging of pancreatic cancer with polyethyleneimine nanogels.,Journal of Cancer,2024-1-1,4
38616756,The Pivotal Function of SLC16A1 and SLC16A1-AS1 in Cancer Progress: Molecular Pathogenesis and Prognosis.,Mini reviews in medicinal chemistry,2024-1-1,5
38591197,"The Indispensable Roles of GMDS and GMDS-AS1 in the Advancement of Cancer: Fucosylation, Signal Pathway and Molecular Pathogenesis.",Mini reviews in medicinal chemistry,2024-1-1,7
38499612,Multi-omics pan-cancer analyses identify MCM4 as a promising prognostic and diagnostic biomarker.,Scientific reports,2024-Mar-18,5
38475902,Application of fluorocarbon nanoparticles of ,Journal of nanobiotechnology,2024-Mar-12,8
38391982,Digital PCR for Single-Cell Analysis.,Biosensors,2024-Jan-24,7
38376619,Nanocomposite hydrogel microneedles: a theranostic toolbox for personalized medicine.,Drug delivery and translational research,2024-Aug-1,4
38366078,Activity of zinc oxide and zinc borate nanoparticles against resistant bacteria in an experimental lung cancer model.,"Daru : journal of Faculty of Pharmacy, Tehran University of Medical Sciences",2024-Jun-1,11
38169524,Tumor-tropic Trojan horses: Using mesenchymal stem cells as cellular nanotheranostics.,Theranostics,2024-1-1,4
38112935,"An updated landscape on nanotechnology-based drug delivery, immunotherapy, vaccinations, imaging, and biomarker detections for cancers: recent trends and future directions with clinical success.",Discover nano,2023-Dec-19,5
38094657,lncRNA CERS6-AS1 upregulates the expression of ANLN by sponging miR-424-5p to promote the progression and drug resistance of lung adenocarcinoma.,Non-coding RNA research,2024-Mar-1,11
38035069,Harnessing the power of traditional Chinese medicine monomers and compound prescriptions to boost cancer immunotherapy.,Frontiers in immunology,2023-1-1,5
37810967,Nrf2 signaling pathway: current status and potential therapeutic targetable role in human cancers.,Frontiers in oncology,2023-1-1,11
37765054,The Antitumor Activity of Piplartine: A Review.,"Pharmaceuticals (Basel, Switzerland)",2023-Sep-04,7
37711033,Suicide rates among patients with first and second primary cancer.,Epidemiology and psychiatric sciences,2023-Sep-15,11
37701630,MicroRNAs Regulate Tumorigenesis by Downregulating SOCS3 Expression: An ,Bioinformatics and biology insights,2023-1-1,5
37667338,Outlooks on using a mobile health intervention for supportive pain management for children and adolescents with cancer: a qualitative study.,BMC nursing,2023-Sep-04,4
37539204,Cortactin contributes to the tumorigenesis of gastric cancer by activating ERK/MMP pathway.,Heliyon,2023-Jul-1,3
37537191,Active ingredients Isorhamnetin of Croci Srigma inhibit stomach adenocarcinomas progression by MAPK/mTOR signaling pathway.,Scientific reports,2023-Aug-03,8
37457134,Recent advances in access to overcome cancer drug resistance by nanocarrier drug delivery system.,"Cancer drug resistance (Alhambra, Calif.)",2023-1-1,5
37394575,Revisiting of Properties and Modified Polyethylenimine-Based Cancer Gene Delivery Systems.,Biochemical genetics,2024-Feb-1,6
37363044,Theoretical aspects of interaction of the anticancer drug cytarabine with human serum albumin.,Structural chemistry,2023-Mar-29,2
37353849,"Development and application of nanomaterials, nanotechnology and nanomedicine for treating hematological malignancies.",Journal of hematology & oncology,2023-Jun-23,10
37260890,"Overview of phytosomes in treating cancer: Advancement, challenges, and future outlook.",Heliyon,2023-Jun-1,6
37259209,Mapping the Nanotechnology Patent Landscape in the Field of Cancer.,Recent patents on nanotechnology,2024-1-1,5
37175509,Deciphering the Relationship between SARS-CoV-2 and Cancer.,International journal of molecular sciences,2023-Apr-25,3
37175435,Advances in the Anti-Tumor Activity of Biflavonoids in ,International journal of molecular sciences,2023-Apr-23,10
37005677,New insights into the function of Interleukin-25 in disease pathogenesis.,Biomarker research,2023-Apr-01,8
36801383,Sulfide-modified nanoscale zero-valent iron as a novel therapeutic remedy for septic myocardial injury.,Journal of advanced research,2024-Jan-1,13
36713213,SCCPMD: Probability matrix decomposition method subject to corrected similarity constraints for inferring long non-coding RNA-disease associations.,Frontiers in microbiology,2022-1-1,7
36644133,Molecular targeted therapy: A new avenue in glioblastoma treatment.,Oncology letters,2023-Feb-1,5
36605216,Systematic analysis of brain and skull ischemic injury expression profiles reveals associations of the tumor immune microenvironment and cell death with ischemic stroke.,Frontiers in immunology,2022-1-1,4
36588947,Extracellular vesicles derived from macrophages: Current applications and prospects in tumors.,Frontiers in bioengineering and biotechnology,2022-1-1,6
36467556,Cordycepin Inhibits the Growth of Hepatocellular Carcinoma by Regulating the Pathway of Aerobic Glycolysis.,Evidence-based complementary and alternative medicine : eCAM,2022-1-1,7
36444580,Sida rhombifolia Exerts Anti-Proliferative and Pro-Apoptotic Effects in Human Liver Cancer HepG2 Cells in Vitro.,Asian Pacific journal of cancer prevention : APJCP,2022-Nov-01,5
36365218,Journey of Rosmarinic Acid as Biomedicine to Nano-Biomedicine for Treating Cancer: Current Strategies and Future Perspectives.,Pharmaceutics,2022-Nov-07,10
36365105,"Biosynthesized Gold, Silver, Palladium, Platinum, Copper, and Other Transition Metal Nanoparticles.",Pharmaceutics,2022-Oct-25,5
36295132,Nanophotosensitizers Composed of Phenyl Boronic Acid Pinacol Ester-Conjugated Chitosan Oligosaccharide via Thioketal Linker for Reactive Oxygen Species-Sensitive Delivery of Chlorin e6 against Oral Cancer Cells.,"Materials (Basel, Switzerland)",2022-Oct-11,6
36293285,Collagen Family as Promising Biomarkers and Therapeutic Targets in Cancer.,International journal of molecular sciences,2022-Oct-17,8
36277335,Light-activated nanomaterials for tumor immunotherapy.,Frontiers in chemistry,2022-1-1,6
36264492,"Targeting Transcription Factors in Cancer: From ""Undruggable"" to ""Druggable"".","Methods in molecular biology (Clifton, N.J.)",2023-1-1,2
36248627,Silver Nanoparticles Stabilized by Poly (Vinyl Pyrrolidone) with Potential Anticancer Activity towards Prostate Cancer.,Bioinorganic chemistry and applications,2022-1-1,11
36186420,A comprehensive analysis of G-protein-signaling modulator 2 as a prognostic and diagnostic marker for pan-cancer.,Frontiers in genetics,2022-1-1,3
36134371,Bacteria-mediated tumor immunotherapy ,Nanoscale advances,2022-Mar-15,10
35911705,Liquid Biopsy in Pre-Metastatic Niche: From Molecular Mechanism to Clinical Application.,Frontiers in immunology,2022-1-1,10
35764712,SIX3 function in cancer: progression and comprehensive analysis.,Cancer gene therapy,2022-Nov-1,5
35701788,Recent advances in exosome-mediated nucleic acid delivery for cancer therapy.,Journal of nanobiotechnology,2022-Jun-14,11
35693070,Decoding the multidimensional signatures of resident and expanded natural killer cells generated from perinatal blood.,American journal of cancer research,2022-1-1,14
35620794,Bioactive cytomembrane@poly(citrate-peptide)-miRNA365 nanoplatform with immune escape and homologous targeting for colon cancer therapy.,Materials today. Bio,2022-Jun-1,11
35433237,miR-1266-3p Suppresses Epithelial-Mesenchymal Transition in Colon Cancer by Targeting P4HA3.,Analytical cellular pathology (Amsterdam),2022-1-1,7
35424935,Nanotechnology-based combinatorial phototherapy for enhanced cancer treatment.,RSC advances,2022-Mar-25,5
35172817,Liquid biopsy: Exosomal microRNAs as novel diagnostic and prognostic biomarkers in cancer.,Molecular cancer,2022-Feb-16,6
35164106,One-Pot Synthesis of Novel 2-Imino-5-Arylidine-Thiazolidine Analogues and Evaluation of Their Anti-Proliferative Activity against MCF7 Breast Cancer Cell Line.,"Molecules (Basel, Switzerland)",2022-Jan-27,7
35002719,Nanoparticles use for Delivering Ursolic Acid in Cancer Therapy: A Scoping Review.,Frontiers in pharmacology,2021-1-1,4
34833063,Target Nanoparticles against Pancreatic Cancer: Fewer Side Effects in Therapy.,"Life (Basel, Switzerland)",2021-Nov-05,9
34657986,Preparation of ICA-loaded mPEG-ICA nanoparticles and their application in the treatment of LPS-induced H9c2 cell damage.,Nanoscale research letters,2021-Oct-17,12
34635096,"Modular self-assembly system for development of oligomeric, highly internalizing and potent cytotoxic conjugates targeting fibroblast growth factor receptors.",Journal of biomedical science,2021-Oct-11,11
34572810,Understanding MNPs Behaviour in Response to AMF in Biological Milieus and the Effects at the Cellular Level: Implications for a Rational Design That Drives Magnetic Hyperthermia Therapy toward Clinical Implementation.,Cancers,2021-Sep-12,4
34249710,Targeting Long Non-Coding RNAs in Hepatocellular Carcinoma: Progress and Prospects.,Frontiers in oncology,2021-1-1,7
33816529,Diagnostic and Prognostic Value of Circulating CircRNAs in Cancer.,Frontiers in medicine,2021-1-1,7
32668783,Cancer Nanomedicine Special Issue Review Anticancer Drug Delivery with Nanoparticles: Extracellular Vesicles or Synthetic Nanobeads as Therapeutic Tools for Conventional Treatment or Immunotherapy.,Cancers,2020-Jul-13,4
32486057,Probing the Electron Transfer between iLOV Protein and Ag Nanoparticles.,"Molecules (Basel, Switzerland)",2020-May-29,7
32123824,Tumor gene therapy by systemic delivery of plasmid DNA with cell-penetrating peptides.,FASEB bioAdvances,2019-Feb-1,7
31467774,"Gold nanoparticles in chemo-, immuno-, and combined therapy: review [Invited].",Biomedical optics express,2019-Jul-01,2
30961222,Design of Oligonucleotide Carriers: Importance of Polyamine Chain Length.,Polymers,2018-Nov-23,6
29326927,Nanoparticles-Emerging Potential for Managing Leukemia and Lymphoma.,Frontiers in bioengineering and biotechnology,2017-1-1,4
39555098,The role of PIK3CA gene mutations in colorectal cancer and the selection of treatment strategies.,Frontiers in pharmacology,2024-1-1,4
39336123,Evaluation of the Therapeutic Potential of Traditionally-Used Natural Plant Extracts to Inhibit Proliferation of a HeLa Cell Cancer Line and Replication of Human Respiratory Syncytial Virus (hRSV).,Biology,2024-Sep-05,25
39327487,Host physiology shapes the mutational landscape of normal and carcinogenic tissue.,Nature genetics,2024-Oct-1,2
39292321,Advances in targeting cancer epigenetics using CRISPR-dCas9 technology: A comprehensive review and future prospects.,Functional & integrative genomics,2024-Sep-18,3
38874696,"Exploring prognostic values of DNA ploidy, stroma-tumor fraction and nucleotyping in stage II colon cancer patients.",Discover oncology,2024-Jun-14,12
38799582,Evolutionary screening of precision oncology biomarkers and its applications in prognostic model construction.,iScience,2024-Jun-21,5
38752685,Stability and variability of molecular subtypes: comparative analysis of primary and metastatic triple-negative breast cancer.,Cancer biology & medicine,2024-May-16,9
38694824,The hidden messengers: cancer associated fibroblasts-derived exosomal miRNAs as key regulators of cancer malignancy.,Frontiers in cell and developmental biology,2024-1-1,4
38438800,Lipid metabolism and its implications in tumor cell plasticity and drug resistance: what we learned thus far?,Cancer metastasis reviews,2024-Mar-1,8
38130632,"Global lineage evolution pattern of sars-cov-2 in Africa, America, Europe, and Asia: A comparative analysis of variant clusters and their relevance across continents.",Journal of translational internal medicine,2023-Dec-1,10
37923774,Quantification of rare somatic single nucleotide variants by droplet digital PCR using SuperSelective primers.,Scientific reports,2023-Nov-03,18
37693132,Characterization of the biological and transcriptomic signatures of natural killer cells derived from cord blood and peripheral blood.,American journal of cancer research,2023-1-1,15
37596408,Subclonal accumulation of immune escape mechanisms in microsatellite instability-high colorectal cancers.,British journal of cancer,2023-Oct-1,34
37519705,,Heliyon,2023-Jul-1,10
37446009,Molecular Dynamics Simulations Combined with Markov Model to Explore the Effect of Allosteric Inhibitor Binding on Bromodomain-Containing Protein 4.,International journal of molecular sciences,2023-Jun-29,4
37344882,ALOX5AP suppresses osteosarcoma progression via Wnt/β-catenin/EMT pathway and associates with clinical prognosis and immune infiltration.,Journal of orthopaedic surgery and research,2023-Jun-22,4
37246992,Unraveling the Drivers of Tumorigenesis in the Context of Evolution: Theoretical Models and Bioinformatics Tools.,Journal of molecular evolution,2023-Aug-1,4
36973454,Neuroblastoma arises in early fetal development and its evolutionary duration predicts outcome.,Nature genetics,2023-Apr-1,8
36968230,Misaligned Chromosomes are a Major Source of Chromosomal Instability in Breast Cancer.,Cancer research communications,2023-Jan-1,8
36908042,NAT10 mediated mRNA acetylation modification patterns associated with colon cancer progression and microsatellite status.,Epigenetics,2023-Dec-1,9
36833381,Temporal and Spatial Gene Expression Profile of Stroke Recovery Genes in Mice.,Genes,2023-Feb-09,7
36308369,The Effect of LL37 Antimicrobial Peptide on FOXE1 and lncRNA PTCSC 2 Genes Expression in Colorectal Cancer (CRC) and Normal Cells.,Asian Pacific journal of cancer prevention : APJCP,2022-Oct-01,5
36284197,"Gene expression-based dissection of inter-histotypes, intra-histotype and intra-tumor heterogeneity in pediatric tumors.",Scientific reports,2022-Oct-25,12
35847898,"Mouse Models of Hepatocellular Carcinoma: Classification, Advancement, and Application.",Frontiers in oncology,2022-1-1,7
35677427,Identification of Potential Biomarkers for Pan-Cancer Diagnosis and Prognosis Through the Integration of Large-Scale Transcriptomic Data.,Frontiers in pharmacology,2022-1-1,7
34957535,Evaluation of the Suitability of RNAscope as a Technique to Measure Gene Expression in Clinical Diagnostics: A Systematic Review.,Molecular diagnosis & therapy,2022-Jan-1,3
34949941,Intra-Tumor Heterogeneity of Colorectal Cancer Necessitates the Multi-Regional Sequencing for Comprehensive Mutational Profiling.,Cancer management and research,2021-1-1,7
34819749,Prognostic Value of SLC16A3(MCT4) in Lung Adenocarcinoma and Its Clinical Significance.,International journal of general medicine,2021-1-1,4
34728819,"Evolutionary dynamics in Barrett oesophagus: implications for surveillance, risk stratification and therapy.",Nature reviews. Gastroenterology & hepatology,2022-Feb-1,6
34424811,A pan-cancer analysis revealed the role of the SLC16 family in cancer.,"Channels (Austin, Tex.)",2021-Dec-1,9
34101128,COPB2: a transport protein with multifaceted roles in cancer development and progression.,Clinical & translational oncology : official publication of the Federation of Spanish Oncology Societies and of the National Cancer Institute of Mexico,2021-Nov-1,9
34089425,Impact of circulating miRNA-373 on breast cancer diagnosis through targeting VEGF and cyclin D1 genes.,"Journal, genetic engineering & biotechnology",2021-Jun-05,5
33854607,Consumption of sugar-sweetened beverages and fruit juice and human cancer: a systematic review and dose-response meta-analysis of observational studies.,Journal of Cancer,2021-1-1,5
33752475,Integrated bioinformatic analysis of HNF1A in human cancers.,The Journal of international medical research,2021-Mar-1,3
33608386,A Functional Taxonomy of Tumor Suppression in Oncogenic KRAS-Driven Lung Cancer.,Cancer discovery,2021-Jul-1,21
33224964,Bibliometric Analysis of ATAC-Seq and Its Use in Cancer Biology via Nucleic Acid Detection.,Frontiers in medicine,2020-1-1,9
32879509,Subclonal reconstruction of tumors by using machine learning and population genetics.,Nature genetics,2020-Sep-1,15
32431868,Cancer cell lines show high heritability for motility but not generation time.,Royal Society open science,2020-Apr-1,5
32415257,Single-cell analysis of childhood leukemia reveals a link between developmental states and ribosomal protein expression as a source of intra-individual heterogeneity.,Scientific reports,2020-May-15,8
32315755,Targeting cancer epigenetics with CRISPR-dCAS9: Principles and prospects.,"Methods (San Diego, Calif.)",2021-Mar-1,2
31436390,TP53 mediated miR-3647-5p prevents progression of cervical carcinoma by targeting AGR2.,Cancer medicine,2019-Oct-1,4
31345216,Modeling breast cancer progression to bone: how driver mutation order and metabolism matter.,BMC medical genomics,2019-Jul-25,2
30171232,Detecting repeated cancer evolution from multi-region tumor sequencing data.,Nature methods,2018-Sep-1,7
30038269,A temporal shift of the evolutionary principle shaping intratumor heterogeneity in colorectal cancer.,Nature communications,2018-Jul-23,41
29895949,Reliance upon ancestral mutations is maintained in colorectal cancers that heterogeneously evolve during targeted therapies.,Nature communications,2018-Jun-12,17
29764005,Identification of Novel Functional Variants of SIN3A and SRSF1 among Somatic Variants in Acute Myeloid Leukemia Patients.,Molecules and cells,2018-May-31,8
29652830,"Colorectal cancer: genetic abnormalities, tumor progression, tumor heterogeneity, clonal evolution and tumor-initiating cells.","Medical sciences (Basel, Switzerland)",2018-Apr-13,3
29467928,Inferring modes of evolution from colorectal cancer with residual polyp of origin.,Oncotarget,2018-Jan-23,7
29374850,Pathological Bases and Clinical Impact of Intratumor Heterogeneity in Clear Cell Renal Cell Carcinoma.,Current urology reports,2018-Jan-27,2
29112206,Intratumoral heterogeneity and clonal evolution in blood malignancies and solid tumors.,Oncotarget,2017-Sep-12,3
39539976,Emerging roles of long non-coding RNA FOXP4-AS1 in human cancers: From molecular biology to clinical application.,Heliyon,2024-Nov-15,1
39421737,The many faces of autoimmune-mediated melanocyte destruction in melanoma.,Frontiers in immunology,2024-1-1,6
39369360,Functional and therapeutic significant of heat-shock protein 90 (HSP90) in reproductive cancers.,Clinical & translational oncology : official publication of the Federation of Spanish Oncology Societies and of the National Cancer Institute of Mexico,2024-Oct-06,2
39335614,Features of Metabolites and Biomarkers in Inflammatory and Infectious Complications of Childhood Cancers.,Biomedicines,2024-Sep-14,6
39330293,Screening of Lipid-Reducing Activity and Cytotoxicity of the Exometabolome from Cyanobacteria.,Marine drugs,2024-Sep-10,5
39201395,Molecular Determinants for Photodynamic Therapy Resistance and Improved Photosensitizer Delivery in Glioma.,International journal of molecular sciences,2024-Aug-09,7
39127851,The impact of histone lactylation on the tumor microenvironment and metabolic pathways and its potential in cancer therapy.,Genes & genomics,2024-Sep-1,7
39114679,Factors influencing quality of life in early-stage upper gastrointestinal cancer patients in Nanchong city: a qualitative study.,American journal of translational research,2024-1-1,5
39093829,"Seroprevalence of hepatitis B and C viruses and some possible associated factors among cancer patients at the Oncology Treatment Center, Gondar, Northwest Ethiopia: A cross-sectional study.",PloS one,2024-1-1,9
39064554,Aspirin-Fisetin Combinatorial Treatment Exerts Cytotoxic and Anti-Migratory Activities in A375 Malignant Melanoma Cells.,"Medicina (Kaunas, Lithuania)",2024-Jul-12,6
39061688,Hybrid Positron Emission Tomography and Magnetic Resonance Imaging Guided Microsurgical Management of Glial Tumors: Case Series and Review of the Literature.,"Diagnostics (Basel, Switzerland)",2024-Jul-18,9
38988916,Exosomal microRNAs in lung cancer: a narrative review.,Translational cancer research,2024-Jun-30,7
38273662,Developing the next-generation cancer research workforce in the National Institutes of Health Intramural Research Program.,Journal of the National Cancer Institute,2024-May-08,1
39370492,Low-power red laser and blue LED modulate telomere maintenance and length in human breast cancer cells.,Lasers in medical science,2024-Oct-07,4
39287873,Obesity-Senescence-Breast Cancer: Clinical Presentation of a Common Unfortunate Cycle.,Advances in experimental medicine and biology,2024-1-1,2
39274207,Impact of Molecular Profiling on Therapy Management in Breast Cancer.,Journal of clinical medicine,2024-Aug-23,9
38773429,All-trans-retinoic acid modulates glycolysis via H19 and telomerase: the role of mir-let-7a in estrogen receptor-positive breast cancer cells.,BMC cancer,2024-May-21,4
38745180,Generation and application of immortalized sheep fetal fibroblast cell line.,BMC veterinary research,2024-May-14,7
38002335,Ellagic Acid and Cancer Hallmarks: Insights from Experimental Evidence.,Biomolecules,2023-Nov-15,7
39546109,The potential of kaempferol in digestive system tumors: recent advances and mechanistic insights.,Discover oncology,2024-Nov-15,6
39390525,Understanding genetic variations associated with familial breast cancer.,World journal of surgical oncology,2024-Oct-10,3
39204392,Functionalized Polymeric Micelles for Targeted Cancer Therapy: Steps from Conceptualization to Clinical Trials.,Pharmaceutics,2024-Aug-06,3
39107790,FLI-1-driven regulation of endothelial cells in human diseases.,Journal of translational medicine,2024-Aug-06,3
39091412,ITIH1 suppresses carcinogenesis in renal cell carcinoma through regulation of the NF‑κB signaling pathway.,Experimental and therapeutic medicine,2024-Sep-1,9
39035959,Synthesis and Biological Activity of 2-Chloro-8-methoxy-5-methyl-5,ACS omega,2024-Jul-16,15
38988443,Purine metabolite inosine induced by transforming growth factor‑β promotes epithelial‑mesenchymal transition in colorectal cancer.,Oncology letters,2024-Sep-1,6
38965200,Advances in the anti-tumor mechanisms of saikosaponin D.,Pharmacological reports : PR,2024-Aug-1,3
38862693,Construction of a nomogram for predicting HNSCC distant metastasis and identification of EIF5A as a hub gene.,Scientific reports,2024-Jun-11,6
38717988,PESSA: A web tool for pathway enrichment score-based survival analysis in cancer.,PLoS computational biology,2024-May-1,9
38701310,Exploring the multi-targeting phytoestrogen potential of Calycosin for cancer treatment: A review.,Medicine,2024-May-03,10
38622694,"tRNA-derived small RNAs in human cancers: roles, mechanisms, and clinical application.",Molecular cancer,2024-Apr-15,6
38611704,The Role and Mechanism of ,"Molecules (Basel, Switzerland)",2024-Mar-22,8
38504984,Tyrosine phosphatase ,Frontiers in immunology,2024-1-1,8
38482398,Disulfidptosis and ferroptosis related genes predict prognosis and personalize treatment for hepatocellular carcinoma.,Translational cancer research,2024-Feb-29,8
38398467,Exploring the Therapeutic Potential of ,Journal of clinical medicine,2024-Feb-18,5
38293309,Ferulic acid interventions ameliorate NDEA-CCl,Toxicology reports,2024-Jun-1,18
38090478,Application and development of Deuterium Metabolic Imaging in tumor glucose metabolism: visualization of different metabolic pathways.,Frontiers in oncology,2023-1-1,9
38059188,Bibliometric analysis of the global research status and trends of mechanotransduction in cancer.,World journal of clinical oncology,2023-Nov-24,4
38031146,Novel roles of PIWI proteins and PIWI-interacting RNAs in human health and diseases.,Cell communication and signaling : CCS,2023-Nov-29,5
37848626,Metabolic control of cancer metastasis: role of amino acids at secondary organ sites.,Oncogene,2023-Nov-1,3
37639166,Zinc Oxide Nanoparticles and Cancer Chemotherapy: Helpful Tools for Enhancing Chemo-sensitivity and Reducing Side Effects?,Biological trace element research,2024-May-1,4
37382674,A novel prognostic signature based on immunogenic cell death score predicts outcomes and response to transcatheter arterial chemoembolization and immunotherapy in hepatocellular carcinoma.,Journal of cancer research and clinical oncology,2023-Oct-1,8
37175715,"Ferulic Acid: A Review of Pharmacology, Toxicology, and Therapeutic Effects on Pulmonary Diseases.",International journal of molecular sciences,2023-Apr-28,6
37118734,Apoptosis related genes mediated molecular subtypes depict the hallmarks of the tumor microenvironment and guide immunotherapy in bladder cancer.,BMC medical genomics,2023-Apr-28,6
36714554,Association between triglyceride glucose index and risk of cancer: A meta-analysis.,Frontiers in endocrinology,2022-1-1,6
36557748,Effects of ,Microorganisms,2022-Dec-16,8
36139555,Single Shot vs. Cocktail: A Comparison of Mono- and Combinative Application of miRNA-Targeted Mesyl Oligonucleotides for Efficient Antitumor Therapy.,Cancers,2022-Sep-09,11
35715750,CRISPR/Cas9 gene editing: a new approach for overcoming drug resistance in cancer.,Cellular & molecular biology letters,2022-Jun-17,8
35410210,From inflammatory bowel disease to colorectal cancer: what's the role of miRNAs?,Cancer cell international,2022-Apr-11,9
34944758,Targeting the Interplay between Cancer Metabolic Reprogramming and Cell Death Pathways as a Viable Therapeutic Path.,Biomedicines,2021-Dec-18,4
39534512,"Targeting carbohydrate metabolism in colorectal cancer - synergy between DNA-damaging agents, cannabinoids, and intermittent serum starvation.",Oncoscience,2024-1-1,3
39516455,KHDRBS1 regulates the pentose phosphate pathway and malignancy of GBM through SNORD51-mediated polyadenylation of ZBED6 pre-mRNA.,Cell death & disease,2024-Nov-08,12
39456237,Decoding Cancer through Silencing the Mitochondrial Gatekeeper VDAC1.,Biomolecules,2024-Oct-15,3
39430830,Construction and validation of senescence risk score signature as a novel biomarker in liver hepatocellular carcinoma: a bioinformatic analysis.,Translational cancer research,2024-Sep-30,10
39409042,Metabolic Rate and Oxidative Stress as a Risk Factors in the Development of Colorectal Cancer.,International journal of molecular sciences,2024-Oct-05,8
39344563,SLC25A19 drives colorectal cancer progression by regulating p53.,Cancer medicine,2024-Sep-1,5
39276277,Protein kinase C iota promotes glycolysis via PI3K/AKT/mTOR signalling in high grade serous ovarian cancer.,Molecular biology reports,2024-Sep-14,3
39273835,Insights into Molecular Mechanisms of Anticancer Activity of ,"Plants (Basel, Switzerland)",2024-Aug-23,13
39273044,Unraveling the Mystery of Energy-Sensing Enzymes and Signaling Pathways in Tumorigenesis and Their Potential as Therapeutic Targets for Cancer.,Cells,2024-Sep-02,2
39272828,Mitochondrial VDAC1 Silencing in Urethane-Induced Lung Cancer Inhibits Tumor Growth and Alters Cancer Oncogenic Properties.,Cancers,2024-Aug-26,4
39251652,Veillonella parvula as an anaerobic lactate-fermenting bacterium for inhibition of tumor growth and metastasis through tumor-specific colonization and decrease of tumor's lactate level.,Scientific reports,2024-Sep-09,5
39215037,M2 macrophage-derived lncRNA NORAD in EVs promotes NSCLC progression via miR-520g-3p/SMIM22/GALE axis.,NPJ precision oncology,2024-Aug-30,8
39198451,The proto-oncogene tyrosine kinase c-SRC facilitates glioblastoma progression by remodeling fatty acid synthesis.,Nature communications,2024-Aug-28,22
39086964,Cancer cell targeting by CAR-T cells: A matter of stemness.,Frontiers in molecular medicine,2022-1-1,13
39076986,"Developing a machine learning-based prognosis and immunotherapeutic response signature in colorectal cancer: insights from ferroptosis, fatty acid dynamics, and the tumor microenvironment.",Frontiers in immunology,2024-1-1,8
39068529,"Inhibitory effect of human interleukin-24 on the proliferation, migration, and invasion of cervical cancer cells.",The Journal of international medical research,2024-Jul-1,6
39044728,Biochemical hallmarks-targeting antineoplastic nanotherapeutics.,Bioactive materials,2024-Jun-1,12
38999946,STAT5 Is Necessary for the Metabolic Switch Induced by IL-2 in Cervical Cancer Cell Line SiHa.,International journal of molecular sciences,2024-Jun-21,7
38995414,MICAL1 promotes the proliferation in acute myeloid leukemia and is associated with clinical prognosis and immune infiltration.,Discover oncology,2024-Jul-12,4
38994085,Mitochondrial dysfunction significantly contributes to the sensitivity of tumor cells to anoikis and their metastatic potential.,Heliyon,2024-Jun-30,5
38989149,Metabolic reprogramming in esophageal squamous cell carcinoma.,Frontiers in pharmacology,2024-1-1,6
38988354,Intelligent tumor tissue classification for Hybrid Health Care Units.,Frontiers in medicine,2024-1-1,10
38948053,Developing targeted therapies for neuroblastoma by dissecting the effects of metabolic reprogramming on tumor microenvironments and progression.,Theranostics,2024-1-1,4
38924467,Multistate Gene Cluster Switches Determine the Adaptive Mitochondrial and Metabolic Landscape of Breast Cancer.,Cancer research,2024-Sep-04,18
38921041,"Bioinformatics Analysis Reveals E6 and E7 of HPV 16 Regulate Metabolic Reprogramming in Cervical Cancer, Head and Neck Cancer, and Colorectal Cancer through the PHD2-VHL-CUL2-ELOC-HIF-1α Axis.",Current issues in molecular biology,2024-Jun-19,13
38867969,Ferroptosis-related lncRNAs: Distinguishing heterogeneity of the tumour microenvironment and predicting immunotherapy response in bladder cancer.,Heliyon,2024-Jun-15,15
38822944,The potent potential of MFAP2 in prognosis and immunotherapy of triple-negative breast cancer.,Discover oncology,2024-Jun-01,7
38807129,Unveiling the metabolic landscape of pulmonary hypertension: insights from metabolomics.,Respiratory research,2024-May-28,7
38802480,Deciphering anoikis resistance and identifying prognostic biomarkers in clear cell renal cell carcinoma epithelial cells.,Scientific reports,2024-May-27,3
38770106,Exploring the impact of circRNAs on cancer glycolysis: Insights into tumor progression and therapeutic strategies.,Non-coding RNA research,2024-Sep-1,8
38746670,Purinosomes involved in the regulation of tumor metabolism: current progress and potential application targets.,Frontiers in oncology,2024-1-1,4
38730615,L-Glyceraldehyde Inhibits Neuroblastoma Cell Growth via a Multi-Modal Mechanism on Metabolism and Signaling.,Cancers,2024-Apr-25,10
38721006,Critical roles and clinical perspectives of RNA methylation in cancer.,MedComm,2024-May-1,9
38720812,Targeting ACAT1 in cancer: from threat to treatment.,Frontiers in oncology,2024-1-1,2
38712806,Berberine inhibits the malignant cell phenotype by inactivating PI3K/AKT/mTOR signaling in laryngeal squamous cell carcinoma.,Histology and histopathology,2024-Nov-1,10
38701117,OTUB2 silencing promotes ovarian cancer via mitochondrial metabolic reprogramming and can be synthetically targeted by CA9 inhibition.,Proceedings of the National Academy of Sciences of the United States of America,2024-May-07,7
38695252,Targeting tumor‑associated macrophages: Critical players in tumor progression and therapeutic strategies (Review).,International journal of oncology,2024-Jun-1,8
38672570,"Targeting Pivotal Hallmarks of Cancer for Enhanced Therapeutic Strategies in Triple-Negative Breast Cancer Treatment-In Vitro, In Vivo and Clinical Trials Literature Review.",Cancers,2024-Apr-12,2
38672271,The Role of ,Biomedicines,2024-Apr-20,2
38668345,Lactylation Modification in Cardiometabolic Disorders: Function and Mechanism.,Metabolites,2024-Apr-12,6
38654047,Machine-learning prediction of a novel diagnostic model using mitochondria-related genes for patients with bladder cancer.,Scientific reports,2024-Apr-23,3
38622716,Architecting the metabolic reprogramming survival risk framework in LUAD through single-cell landscape analysis: three-stage ensemble learning with genetic algorithm optimization.,Journal of translational medicine,2024-Apr-15,7
38529390,A lactate metabolism-related signature predicting patient prognosis and immune microenvironment in ovarian cancer.,Frontiers in endocrinology,2024-1-1,8
38491378,Hypoxia promotes metastasis by relieving miR-598-3p-restricted glycolysis in gastric cancer.,Journal of translational medicine,2024-Mar-15,12
38485816,"Metabolic priming by multiple enzyme systems supports glycolysis, HIF1α stabilisation, and human cancer cell survival in early hypoxia.",The EMBO journal,2024-Apr-1,11
38481182,The mechanism of PFK-1 in the occurrence and development of bladder cancer by regulating ZEB1 lactylation.,BMC urology,2024-Mar-13,6
38464385,Exploring monocarboxylate transporter inhibition for cancer treatment.,Exploration of targeted anti-tumor therapy,2024-1-1,2
38376789,HSK3486 Inhibits Colorectal Cancer Growth by Promoting Oxidative Stress and ATPase Inhibitory Factor 1 Activation.,Digestive diseases and sciences,2024-Apr-1,15
38374143,8-Br-cGMP activates HSPB6 and increases the antineoplastic activity of quinidine in prostate cancer.,Cell death discovery,2024-Feb-19,15
38312680,Role and molecular mechanism of APOBEC3B in the development and progression of gastric cancer.,Heliyon,2024-Jan-30,7
38304171,Targeting metabolic reprogramming promotes the efficacy of transarterial chemoembolization in the rabbit VX2 liver tumor model.,Oncology letters,2024-Mar-1,4
38297388,Identification and validation of an individualized metabolic prognostic signature for predicting the biochemical recurrence of prostate cancer based on the immune microenvironment.,European journal of medical research,2024-Jan-31,7
38274726,Oxygen and Iron Availability Shapes Metabolic Adaptations of Cancer Cells.,World journal of oncology,2024-Feb-1,5
38222908,A novel protein extracted from ,Food science and biotechnology,2024-Jan-1,3
38201558,Revolutionizing Cancer Treatment: Unveiling New Frontiers by Targeting the (Un)Usual Suspects.,Cancers,2023-Dec-27,3
38158755,Fatty acid synthase (FASN) signalome: A molecular guide for precision oncology.,Molecular oncology,2024-Mar-1,11
38136176,Anti-Cancer Properties of Resveratrol: A Focus on Its Impact on Mitochondrial Functions.,"Antioxidants (Basel, Switzerland)",2023-Nov-29,7
38023163,Choline metabolism and its implications in cancer.,Frontiers in oncology,2023-1-1,6
38021151,Construction of the metabolism-related models for predicting prognosis and infiltrating immune phenotype in lung squamous cell carcinoma.,Journal of Cancer,2023-1-1,8
38004589,Targeting Glucose Metabolism in Cancer Cells as an Approach to Overcoming Drug Resistance.,Pharmaceutics,2023-Nov-10,4
37963646,The PKM2 inhibitor shikonin enhances piceatannol-induced apoptosis of glyoxalase I-dependent cancer cells.,Genes to cells : devoted to molecular & cellular mechanisms,2024-Jan-1,7
37958446,Microbial-Related Metabolites May Be Involved in Eight Major Biological Processes and Represent Potential Diagnostic Markers in Gastric Cancer.,Cancers,2023-Nov-03,5
37935795,"A link between energy metabolism and plant host adaptation states in the two-spotted spider mite, Tetranychus urticae (Koch).",Scientific reports,2023-Nov-07,9
37915034,Role of m6A modification in regulating the PI3K/AKT signaling pathway in cancer.,Journal of translational medicine,2023-Nov-01,6
37868995,Trained immunity: a cutting edge approach for designing novel vaccines against parasitic diseases?,Frontiers in immunology,2023-1-1,5
37854701,Metabolic stratification of human breast tumors reveal subtypes of clinical and therapeutic relevance.,iScience,2023-Oct-20,7
37834214,Deciphering the Mysterious Relationship between the Cross-Pathogenetic Mechanisms of Neurodegenerative and Oncological Diseases.,International journal of molecular sciences,2023-Sep-29,2
37834191,"Transcriptome Analysis of Cisplatin, Cannabidiol, and Intermittent Serum Starvation Alone and in Various Combinations on Colorectal Cancer Cells.",International journal of molecular sciences,2023-Sep-29,4
37829798,"Glutamine metabolism in tumor metastasis: Genes, mechanisms and the therapeutic targets.",Heliyon,2023-Oct-1,7
37796396,Diosmetin induces apoptosis and protective autophagy in human gastric cancer HGC-27 cells via the PI3K/Akt/FoxO1 and MAPK/JNK pathways.,"Medical oncology (Northwood, London, England)",2023-Oct-05,10
37789912,Recent Advances and Applications of Ambient Mass Spectrometry Imaging in Cancer Research: An Overview.,"Mass spectrometry (Tokyo, Japan)",2023-1-1,1
37781025,PBX3 promotes pentose phosphate pathway and colorectal cancer progression by enhancing G6PD expression.,International journal of biological sciences,2023-1-1,6
37749329,Potential value of mitochondrial regulatory pathways in the clinical application of clear cell renal cell carcinoma: a machine learning-based study.,Journal of cancer research and clinical oncology,2023-Dec-1,6
37723547,Regulation of phosphoglycerate kinase 1 and its critical role in cancer.,Cell communication and signaling : CCS,2023-Sep-18,3
37707961,Factor-inhibiting HIF (FIH) promotes lung cancer progression.,JCI insight,2023-Oct-23,13
37693221,Role of Human Monocarboxylate Transporter 1 (hMCT1) and 4 (hMCT4) in Tumor Cells and the Tumor Microenvironment.,Cancer management and research,2023-1-1,4
37594106,Association of Neurokinin-1 Receptor Signaling Pathways with Cancer.,Current medicinal chemistry,2024-1-1,2
37583992,Delineation of fatty acid metabolism in gastric cancer: Therapeutic implications.,World journal of clinical cases,2023-Jul-16,6
37569669,Phenolic Compounds of ,International journal of molecular sciences,2023-Jul-31,3
37568684,Extracellular Matrix Collagen I Differentially Regulates the Metabolic Plasticity of Pancreatic Ductal Adenocarcinoma Parenchymal Cell and Cancer Stem Cell.,Cancers,2023-Jul-29,9
37556022,Cytotoxicity of poly-guanidine in medulloblastoma cell lines.,Investigational new drugs,2023-Oct-1,6
37521786,New Pathway for Cisplatin Prodrug to Utilize Metabolic Substrate Preference to Overcome Cancer Intrinsic Resistance.,ACS central science,2023-Jul-26,9
37491277,A GSTP1-mediated lactic acid signaling promotes tumorigenesis through the PPP oxidative branch.,Cell death & disease,2023-Jul-25,14
37477784,Energy metabolism: a new target for gastric cancer treatment.,Clinical & translational oncology : official publication of the Federation of Spanish Oncology Societies and of the National Cancer Institute of Mexico,2024-Feb-1,8
37460577,Better prediction of clinical outcome in clear cell renal cell carcinoma based on a 6 metabolism-related gene signature.,Scientific reports,2023-Jul-17,4
37427338,Downregulation of VEGFR2 signaling by cedrol abrogates VEGF‑driven angiogenesis and proliferation of glioblastoma cells through AKT/P70S6K and MAPK/ERK1/2 pathways.,Oncology letters,2023-Aug-1,5
37420300,Cellular hierarchy framework based on single-cell/multi-patient sample sequencing reveals metabolic biomarker PYGL as a therapeutic target for HNSCC.,Journal of experimental & clinical cancer research : CR,2023-Jul-08,14
37382415,BTF3 promotes proliferation and glycolysis in hepatocellular carcinoma by regulating GLUT1.,Cancer biology & therapy,2023-Dec-31,6
37367411,,Journal of cardiovascular development and disease,2023-Jun-04,4
37336778,"[6,6'-",NMR in biomedicine,2023-Oct-1,6
37293508,The oxidative aging model integrated various risk factors in type 2 diabetes mellitus at system level.,Frontiers in endocrinology,2023-1-1,8
37228620,"Machine learning-based glycolysis-associated molecular classification reveals differences in prognosis, TME, and immunotherapy for colorectal cancer patients.",Frontiers in immunology,2023-1-1,9
37207154,FDXR drives primary and endocrine-resistant tumor cell growth in ER+ breast cancer via CPT1A-mediated fatty acid oxidation.,Frontiers in oncology,2023-1-1,8
37198319,Targeting metabolism by B-raf inhibitors and diclofenac restrains the viability of BRAF-mutated thyroid carcinomas with Hif-1α-mediated glycolytic phenotype.,British journal of cancer,2023-Aug-1,6
37143506,circSOX4 Enhances Hepatocellular Carcinoma Progression via miR-218-5p/YY1 Signaling.,BioMed research international,2023-1-1,5
37121978,Noncanonical role of singleminded-2s in mitochondrial respiratory chain formation in breast cancer.,Experimental & molecular medicine,2023-May-1,14
37108300,OBHS Drives Abnormal Glycometabolis Reprogramming via GLUT1 in Breast Cancer.,International journal of molecular sciences,2023-Apr-12,6
37105934,CircRNA ZKSCAN1 promotes lung adenocarcinoma progression by miR-185-5p/TAGLN2 axis.,Thoracic cancer,2023-Jun-1,4
37092452,A Multi-Level Systems Biology Analysis of Aldrin's Metabolic Effects on Prostate Cancer Cells.,Proteomes,2023-Mar-23,5
37081988,Dissecting the roles and clinical potential of YY1 in the tumor microenvironment.,Frontiers in oncology,2023-1-1,12
39538070,Developing hypoxia and lactate metabolism-related molecular subtypes and prognostic signature for clear cell renal cell carcinoma through integrating machine learning.,Discover oncology,2024-Nov-13,7
39496775,Effect of fibroblast heterogeneity on prognosis and drug resistance in high-grade serous ovarian cancer.,Scientific reports,2024-Nov-04,12
39342276,Early recurrence as a pivotal event in nasopharyngeal carcinoma: identifying predictors and key molecular signals for survivors.,Head & face medicine,2024-Sep-28,11
39518051,Serous Ovarian Carcinoma: Detailed Analysis of Clinico-Pathological Characteristics as Prognostic Factors.,Cancers,2024-Oct-25,5
39493449,Proteomic and transcriptomic analyses identify apo-transcobalamin-II as a biomarker of overall survival in osteosarcoma.,Frontiers in oncology,2024-1-1,14
39333065,Spatial multiplexed immunofluorescence analysis reveals coordinated cellular networks associated with overall survival in metastatic osteosarcoma.,Bone research,2024-Sep-27,11
39301033,From bench to bedside: an interdisciplinary journey through the gut-lung axis with insights into lung cancer and immunotherapy.,Frontiers in immunology,2024-1-1,10
39122893,Spatial proteomic profiling elucidates immune determinants of neoadjuvant chemo-immunotherapy in esophageal squamous cell carcinoma.,Oncogene,2024-Sep-1,12
39112698,ILC2-derived LIF licences progress from tissue to systemic immunity.,Nature,2024-Aug-1,11
38977962,Prognostic and clinicopathological significance of tertiary lymphoid structure in non-small cell lung cancer: a systematic review and meta-analysis.,BMC cancer,2024-Jul-08,7
38779867,The Tumor Immune Microenvironment in Breast Cancer Progression.,"Acta oncologica (Stockholm, Sweden)",2024-May-23,3
38694662,Heterogeneity of Cervical Cancer-Associated Tertiary Lymphoid Structures (TLSs) and Their Specific Interrelation With Clinicopathological Parameters.,Cureus,2024-Apr-1,10
38672519,Recent Findings on Therapeutic Cancer Vaccines: An Updated Review.,Biomolecules,2024-Apr-21,4
38389279,Exploring histological predictive biomarkers for immune checkpoint inhibitor therapy response in non-small cell lung cancer.,Journal of pathology and translational medicine,2024-Mar-1,3
38306610,Rapid Generation of hPSC-Derived High Endothelial Venule Organoids with In Vivo Ectopic Lymphoid Tissue Capabilities.,"Advanced materials (Deerfield Beach, Fla.)",2024-Apr-1,11
38252495,CXC ligand 13 orchestrates an immunoactive microenvironment and enhances immunotherapy response in head and neck squamous cell carcinoma.,International journal of immunopathology and pharmacology,2024-1-1,8
38203458,Preclinical and Clinical Observations Implying Combination Therapy to Enhance the Efficacy of the Her-2/neu B-Cell Peptide-Based Vaccine HER-Vaxx and to Prevent Immune Evasion.,International journal of molecular sciences,2023-Dec-24,12
37895012,Unveiling the Immune Microenvironment's Role in Breast Cancer: A Glimpse into Promising Frontiers.,International journal of molecular sciences,2023-Oct-18,4
37892935,Use of Stromal Intervention and Exogenous Neoantigen Vaccination to Boost Pancreatic Cancer Chemo-Immunotherapy by Nanocarriers.,"Bioengineering (Basel, Switzerland)",2023-Oct-16,4
37767094,Bidirectional crosstalk between the peripheral nervous system and lymphoid tissues/organs.,Frontiers in immunology,2023-1-1,6
37727791,Immunotherapies targeting tumor vasculature: challenges and opportunities.,Frontiers in immunology,2023-1-1,6
37483600,Editorial: Cell network in antitumor immunity of pediatric and adult solid tumors.,Frontiers in immunology,2023-1-1,2
