id,name,article_count
celiamcmichael,Celia McMichael,1
yuanbai,Yuan Bai,1
zeynepertem,Zeynep Ertem,1
joseluisherreradiestra,Jose Luis Herrera Diestra,1
linwang,Lin Wang,1
zhanweidu,Zhanwei Du,1
nicholasisraelnii-trebi,Nicholas Israel Nii-Trebi,1
alexandermercer,Alexander Mercer,1
andrewacunningham,Andrew A Cunningham,1
peterdaszak,Peter Daszak,1
jameslnwood,James L N Wood,1
antonellarossati,Antonella Rossati,1
hakanleblebicioglu,Hakan Leblebicioglu,1
resatozaras,Resat Ozaras,1
giannazuccotti,Gianna Zuccotti,1
philbfontanarosa,Phil B Fontanarosa,1
josephrberger,Joseph R Berger,1
lsymochko,L Symochko,1
ppereira,P Pereira,1
odemyanyuk,O Demyanyuk,1
mncoelhopinheiro,M N Coelho Pinheiro,1
dbarcelo,D Barcelo,1
ramadhantosepu,Ramadhan Tosepu,1
asrulsani,Asrul Sani,1
devisavitrieffendy,Devi Savitri Effendy,1
laodealiimranahmad,La Ode Ali Imran Ahmad,1
tejasssathe,Tejas S Sathe,1
adnanalseidi,Adnan Alseidi,1
vittoriabellato,Vittoria Bellato,1
amirashrafganjouei,Amir Ashraf Ganjouei,1
lalehforoutani,Laleh Foroutani,1
ryanphall,Ryan P Hall,1
oleksiipotapov,Oleksii Potapov,1
ricardojbello,Ricardo J Bello,1
shaneetamjohnson,Shaneeta M Johnson,1
stefaniamarconi,Stefania Marconi,1
naderfrancis,Nader Francis,1
paulbarach,Paul Barach,1
manuelsanchez-casalongue,Manuel Sanchez-Casalongue,1
sheetalnijhawan,Sheetal Nijhawan,1
wendelynmoslock,Wendelyn M Oslock,1
benjaminmiller,Benjamin Miller,1
sarahsamreen,Sarah Samreen,1
jimmychung,Jimmy Chung,1
nanamarfo,Nana Marfo,1
brighthuo,Bright Huo,1
robertblim,Robert B Lim,1
jonathanvandeberg,Jonathan Vandeberg,1
yewanderalimi,Yewande R Alimi,1
andreapietrabissa,Andrea Pietrabissa,1
albertoarezzo,Alberto Arezzo,1
maximosfrountzas,Maximos Frountzas,1
miranrems,Miran Rems,1
mmmeussen,M M M Eussen,1
ndbouvy,N D Bouvy,1
patriciasylla,Patricia Sylla,1
ajokewilliams,Ajoke Williams,1
mauricioraguilar,Mauricio R Aguilar,1
keshaniggpattiyaarachchillage,Keshani G G Pattiya Arachchillage,1
subratachandra,Subrata Chandra,1
srijithrangan,Srijith Rangan,1
sonakshighosalgupta,Sonakshi Ghosal Gupta,1
juanmartesvivancos,Juan M Artes Vivancos,1
shanjunhuang,Shanjun Huang,1
haowang,Hao Wang,1
zhuoli,Zhuo Li,1
zhaohanwang,Zhaohan Wang,1
tianma,Tian Ma,1
ruifangsong,Ruifang Song,1
menghanlu,Menghan Lu,1
xinhan,Xin Han,1
yitingzhang,Yiting Zhang,1
yingtongwang,Yingtong Wang,1
qingzhen,Qing Zhen,1
tiejunshui,Tiejun Shui,1
adamtrickey,Adam Trickey,1
leighfjohnson,Leigh F Johnson,1
rogeriobonifacio,Rogerio Bonifacio,1
agneskiragga,Agnes Kiragga,1
guyhoward,Guy Howard,1
samuelbiraro,Samuel Biraro,1
thorstenwagener,Thorsten Wagener,1
andrealow,Andrea Low,1
petervickerman,Peter Vickerman,1
smitdchitre,Smit D Chitre,1
ceciliamcrews,Cecilia M Crews,1
mesfinteklutessema,Mesfin Teklu Tessema,1
indrėplėštytė-būtienė,Indrė Plėštytė-Būtienė,1
megancoffee,Megan Coffee,1
eugenetrichardson,Eugene T Richardson,1
mohammadanisurrahaman,Mohammad Anisur Rahaman,1
abulkalam,Abul Kalam,1
mdal-mamun,Md Al-Mamun,1
papafall,Papa Fall,1
ibrahimadiouf,Ibrahima Diouf,1
abdoulayedeme,Abdoulaye Deme,1
semoudiouf,Semou Diouf,1
doudousene,Doudou Sene,1
benjaminsultan,Benjamin Sultan,1
adjouamoïsefamien,Adjoua Moïse Famien,1
sergejanicot,Serge Janicot,1
aqsakhalid,Aqsa Khalid,1
jabranalibabry,Jabran Ali Babry,1
jovearey,Jo Vearey,1
dominikzenner,Dominik Zenner,1
phoebecmwilliams,Phoebe C M Williams,1
justinbeardsley,Justin Beardsley,1
davidisaacs,David Isaacs,1
annepreisz,Anne Preisz,1
benjmarais,Ben J Marais,1
ramadanabdelmoezfarahat,Ramadan Abdelmoez Farahat,1
abdelazizabdelaal,Abdelaziz Abdelaal,1
tungkipratamaumar,Tungki Pratama Umar,1
amroael-sakka,Amro A El-Sakka,1
amirayasminebenmelouka,Amira Yasmine Benmelouka,1
khaledalbakri,Khaled Albakri,1
iftikharali,Iftikhar Ali,1
tareqal-ahdal,Tareq Al-Ahdal,1
baselabdelazeem,Basel Abdelazeem,1
ranjitsah,Ranjit Sah,1
alfonsojrodriguez-morales,Alfonso J Rodriguez-Morales,1
ahmedkarmaoui,Ahmed Karmaoui,1
denissereno,Denis Sereno,1
samireljaafari,Samir El Jaafari,1
lhoussainhajji,Lhoussain Hajji,1
kwanghyunkim,Kwanghyun Kim,1
myung-kenlee,Myung-Ken Lee,1
hyunkyungshin,Hyun Kyung Shin,1
hyunglaelee,Hyunglae Lee,1
boramkim,Boram Kim,1
sunjookang,Sunjoo Kang,1
marconeira,Marco Neira,1
kamilerguler,Kamil Erguler,1
hesamahmady-birgani,Hesam Ahmady-Birgani,1
nisreendaifallahal-hmoud,Nisreen DaifAllah Al-Hmoud,1
robinfears,Robin Fears,1
charalambosgogos,Charalambos Gogos,1
ninahobbhahn,Nina Hobbhahn,1
mariakoliou,Maria Koliou,1
leondiosgkostrikis,Leondios G Kostrikis,1
joslelieveld,Jos Lelieveld,1
azeemmajeed,Azeem Majeed,1
shlomitpaz,Shlomit Paz,1
yinonrudich,Yinon Rudich,1
amalsaad-hussein,Amal Saad-Hussein,1
mohammedshaheen,Mohammed Shaheen,1
aureliotobias,Aurelio Tobias,1
georgechristophides,George Christophides,1
emmabirnie,Emma Birnie,1
jasonjbiemond,Jason J Biemond,1
wjoostwiersinga,W Joost Wiersinga,1
marcopviannafranco,Marco P Vianna Franco,1
orsolyamolnár,Orsolya Molnár,1
christiandorninger,Christian Dorninger,1
alicelaciny,Alice Laciny,1
marcotreven,Marco Treven,1
jacobweger,Jacob Weger,1
eduardodamottaealbuquerque,Eduardo da Motta E Albuquerque,1
robertocazzollagatti,Roberto Cazzolla Gatti,1
luis-alejandrovillanuevahernandez,Luis-Alejandro Villanueva Hernandez,1
manueljakab,Manuel Jakab,1
christinemarizzi,Christine Marizzi,1
lumilapaulamenéndez,Lumila Paula Menéndez,1
luanapoliseli,Luana Poliseli,1
hernánbobadillarodríguez,Hernán Bobadilla Rodríguez,1
guidocaniglia,Guido Caniglia,1
naomihauser,Naomi Hauser,1
kathryncconlon,Kathryn C Conlon,1
angeldesai,Angel Desai,1
ledankobziar,Leda N Kobziar,1
bilalaslam,Bilal Aslam,1
mohsinkhurshid,Mohsin Khurshid,1
muhammadimranarshad,Muhammad Imran Arshad,1
saimamuzammil,Saima Muzammil,1
mariarasool,Maria Rasool,1
nafeesayasmeen,Nafeesa Yasmeen,1
taifshah,Taif Shah,1
tamoorhamidchaudhry,Tamoor Hamid Chaudhry,1
muhammadhidayatrasool,Muhammad Hidayat Rasool,1
aqsashahid,Aqsa Shahid,1
xiaxueshan,Xia Xueshan,1
zulqarnainbaloch,Zulqarnain Baloch,1
hancao,Han Cao,1
bingxiaoli,Bingxiao Li,1
tianlungu,Tianlun Gu,1
xiaohuiliu,Xiaohui Liu,1
kaimeng,Kai Meng,1
lingzhang,Ling Zhang,1
alextasker,Alex Tasker,1
dorienbraam,Dorien Braam,1
johannesfdayrit,Johannes F Dayrit,1
audisugiharto,Audi Sugiharto,1
sarahjcoates,Sarah J Coates,1
doneliseolucero-prisno,Don Eliseo Lucero-Prisno,1
markdenisddavis,Mark Denis D Davis,1
louisekandersen,Louise K Andersen,1
nickwatts,Nick Watts,1
markusamann,Markus Amann,1
nigelarnell,Nigel Arnell,1
sonjaayeb-karlsson,Sonja Ayeb-Karlsson,1
jessicabeagley,Jessica Beagley,1
kristinebelesova,Kristine Belesova,1
maxwellboykoff,Maxwell Boykoff,1
peterbyass,Peter Byass,1
wenjiacai,Wenjia Cai,1
diarmidcampbell-lendrum,Diarmid Campbell-Lendrum,1
stuartcapstick,Stuart Capstick,1
jonathanchambers,Jonathan Chambers,1
samanthacoleman,Samantha Coleman,1
caroledalin,Carole Dalin,1
meaghandaly,Meaghan Daly,1
niheerdasandi,Niheer Dasandi,1
shourodasgupta,Shouro Dasgupta,1
michaeldavies,Michael Davies,1
claudiadinapoli,Claudia Di Napoli,1
pauladominguez-salas,Paula Dominguez-Salas,1
pauldrummond,Paul Drummond,1
robertdubrow,Robert Dubrow,1
kristielebi,Kristie L Ebi,1
mattheweckelman,Matthew Eckelman,1
paulekins,Paul Ekins,1
luiseescobar,Luis E Escobar,1
luciengeorgeson,Lucien Georgeson,1
sugolder,Su Golder,1
deliagrace,Delia Grace,1
hilarygraham,Hilary Graham,1
paulhaggar,Paul Haggar,1
ianhamilton,Ian Hamilton,1
stellahartinger,Stella Hartinger,1
jeremyhess,Jeremy Hess,1
shih-chehsu,Shih-Che Hsu,1
nickhughes,Nick Hughes,1
slavajankinmikhaylov,Slava Jankin Mikhaylov,1
marciapjimenez,Marcia P Jimenez,1
ilankelman,Ilan Kelman,1
harrykennard,Harry Kennard,1
gregorkiesewetter,Gregor Kiesewetter,1
patricklkinney,Patrick L Kinney,1
tordkjellstrom,Tord Kjellstrom,1
dominickniveton,Dominic Kniveton,1
petelampard,Pete Lampard,1
brunolemke,Bruno Lemke,1
yangliu,Yang Liu,1
zhaoliu,Zhao Liu,1
melissalott,Melissa Lott,1
rachellowe,Rachel Lowe,1
jaimemartinez-urtaza,Jaime Martinez-Urtaza,1
markmaslin,Mark Maslin,1
lucymcallister,Lucy McAllister,1
alicemcgushin,Alice McGushin,1
jamesmilner,James Milner,1
maziarmoradi-lakeh,Maziar Moradi-Lakeh,1
karynmorrissey,Karyn Morrissey,1
simonmunzert,Simon Munzert,1
krisamurray,Kris A Murray,1
taraneville,Tara Neville,1
marianilsson,Maria Nilsson,1
maquinsodhiambosewe,Maquins Odhiambo Sewe,1
tadjoreszczyn,Tadj Oreszczyn,1
matthiasotto,Matthias Otto,1
fereidoonowfi,Fereidoon Owfi,1
oliviapearman,Olivia Pearman,1
davidpencheon,David Pencheon,1
ruthquinn,Ruth Quinn,1
mahnazrabbaniha,Mahnaz Rabbaniha,1
elizabethrobinson,Elizabeth Robinson,1
joacimrocklöv,Joacim Rocklöv,1
marinaromanello,Marina Romanello,1
jancsemenza,Jan C Semenza,1
jodisherman,Jodi Sherman,1
liuhuashi,Liuhua Shi,1
marcospringmann,Marco Springmann,1
meisamtabatabaei,Meisam Tabatabaei,1
jonathontaylor,Jonathon Taylor,1
joaquintriñanes,Joaquin Triñanes,1
joyshumake-guillemot,Joy Shumake-Guillemot,1
bryanvu,Bryan Vu,1
paulwilkinson,Paul Wilkinson,1
matthewwinning,Matthew Winning,1
penggong,Peng Gong,1
hughmontgomery,Hugh Montgomery,1
anthonycostello,Anthony Costello,1
dongjiang,Dong Jiang,1
qianwang,Qian Wang,1
zhihuabai,Zhihua Bai,1
heyuanqi,Heyuan Qi,1
juncaima,Juncai Ma,1
wenjunliu,Wenjun Liu,1
fangyuding,Fangyu Ding,1
jingli,Jing Li,1
ahmetözbilgin,Ahmet Özbilgin,1
gulsumgencoglan,Gulsum Gencoglan,1
varoltunali,Varol Tunali,1
i̇brahimçavuş,İbrahim Çavuş,1
ahmetyıldırım,Ahmet Yıldırım,1
cumhurgündüz,Cumhur Gündüz,1
mehmetharman,Mehmet Harman,1
zhiqiangxue,Zhiqiang Xue,1
zhenboyang,Zhenbo Yang,1
huisun,Hui Sun,1
jinghuanren,Jinghuan Ren,1
mengzisun,Mengzi Sun,1
jiagenli,Jiagen Li,1
anningzhang,Anning Zhang,1
pingpingzheng,Pingping Zheng,1
panpan,Pan Pan,1
jingdou,Jing Dou,1
lishen,Li Shen,1
yangchen,Yang Chen,1
kexinli,Kexin Li,1
tianyufeng,Tianyu Feng,1
yaogailv,Yaogai Lv,1
chunlibi,Chunli Bi,1
linajin,Lina Jin,1
zhewang,Zhe Wang,1
yanyao,Yan Yao,1
eerees,E E Rees,1
vng,V Ng,1
pgachon,P Gachon,1
amawudeku,A Mawudeku,1
dmckenney,D McKenney,1
jpedlar,J Pedlar,1
dyemshanov,D Yemshanov,1
jparmely,J Parmely,1
jknox,J Knox,1
andrésnoé,Andrés Noé,1
sazidibnazaman,Sazid Ibna Zaman,1
mosiqurerahman,Mosiqure Rahman,1
anjankumarsaha,Anjan Kumar Saha,1
mmaktaruzzaman,M M Aktaruzzaman,1
richardjamesmaude,Richard James Maude,1
michaelxiaoliangtong,Michael Xiaoliang Tong,1
alanahansen,Alana Hansen,1
scotthanson-easey,Scott Hanson-Easey,1
jianjunxiang,Jianjun Xiang,1
scottcameron,Scott Cameron,1
qiyongliu,Qiyong Liu,1
xiaoboliu,Xiaobo Liu,1
yehuansun,Yehuan Sun,1
philipweinstein,Philip Weinstein,1
gil-soohan,Gil-Soo Han,1
pengbi,Peng Bi,1
adamjmerritt,Adam J Merritt,1
timothyjjinglis,Timothy J J Inglis,1
elenipatrozou,Eleni Patrozou,1
ziyangli,Ziyang Li,1
litan,Li Tan,1
jialiangzhang,Jialiang Zhang,1
qichenlong,Qichen Long,1
zhiyangchen,Zhiyang Chen,1
zhongyuanxiang,Zhongyuan Xiang,1
weiminwu,Weimin Wu,1
zheguo,Zhe Guo,1
huifangliu,Huifang Liu,1
bingxuehu,Bingxue Hu,1
binyang,Bin Yang,1
minhu,Min Hu,1
jingwenliu,Jingwen Liu,1
wuzeng,Wu Zeng,1
chaozhuo,Chao Zhuo,1
yuliu,Yu Liu,1
leizhu,Lei Zhu,1
guanyangzou,Guanyang Zou,1
xiaoweisun,Xiaowei Sun,1
huazhang,Hua Zhang,1
xiaozhang,Xiao Zhang,1
wenmingao,Wenmin Gao,1
caiyunzhou,Caiyun Zhou,1
xuanxuankou,Xuanxuan Kou,1
jingxindeng,Jingxin Deng,1
jiangangzhang,Jiangang Zhang,1
qingyishao,Qingyi Shao,1
danleichen,Danlei Chen,1
simiaochen,Simiao Chen,1
xuanwenru,Xuanwen Ru,1
qingye,Qing Ye,1
jianhaoshu,Jianhao Shu,1
weifengjin,Weifeng Jin,1
mutebalanazi,Muteb Alanazi,1
hassanmohammedalqahtani,Hassan Mohammed Alqahtani,1
mohammadkhalidalshammari,Mohammad Khalid Alshammari,1
raadmohammedalshammari,Raad Mohammed Alshammari,1
jonaidahmadmalik,Jonaid Ahmad Malik,1
sakeelahmed,Sakeel Ahmed,1
miraroosa,Mir Aroosa,1
mrunalshinde,Mrunal Shinde,1
tareqnafeaalharby,Tareq Nafea Alharby,1
mukhtaransari,Mukhtar Ansari,1
arshadhussain,Arshad Hussain,1
fahadfalkhrshawy,Fahad F Alkhrshawy,1
sirajudheenanwar,Sirajudheen Anwar,1
davidlbauer,David L Bauer,1
louaybachnak,Louay Bachnak,1
vanessamlimbert,Vanessa M Limbert,1
rebeccamhorowitz,Rebecca M Horowitz,1
robinlbaudier,Robin L Baudier,1
shainajd'souza,Shaina J D'Souza,1
victoriaeimmethun,Victoria E Immethun,1
jonathanrkurtz,Jonathan R Kurtz,1
samuelbgrant,Samuel B Grant,1
jamesbmclachlan,James B McLachlan,1
angelacesaro,Angela Cesaro,1
shuangzhelin,Shuangzhe Lin,1
norbertpardi,Norbert Pardi,1
cesardelafuente-nunez,Cesar de la Fuente-Nunez,1
jiahuanzhou,Jiahuan Zhou,1
jiayichen,Jiayi Chen,1
yunchipeng,Yunchi Peng,1
yafengxie,Yafeng Xie,1
yongjianxiao,Yongjian Xiao,1
jun-yanxi,Jun-Yan Xi,1
xiaolin,Xiao Lin,1
yuan-taohao,Yuan-Tao Hao,1
martazimna,Marta Zimna,1
ewelinakrol,Ewelina Krol,1
rúbiacastrofernandesmeloreis,Rúbia Castro Fernandes Melo Reis,1
augustovieirapontessilva,Augusto Vieira Pontes Silva,1
adrianadaveigatorres,Adriana da Veiga Torres,1
rayssadecassiaalvesiemini,Rayssa de Cassia Alves Iemini,1
igorrodrigueslapa,Igor Rodrigues Lapa,1
lucaslopardifranco,Lucas Lopardi Franco,1
saulofehelbergpintobraga,Saulo Fehelberg Pinto Braga,1
diogoteixeiracarvalho,Diogo Teixeira Carvalho,1
danielleferreiradias,Danielle Ferreira Dias,1
thiagobelarminodesouza,Thiago Belarmino de Souza,1
dazhuhuo,Dazhu Huo,1
tingzhang,Ting Zhang,1
xuanhan,Xuan Han,1
liuyangyang,Liuyang Yang,1
leiwang,Lei Wang,1
ziliangfan,Ziliang Fan,1
xiaoliwang,Xiaoli Wang,1
jiaoyang,Jiao Yang,1
qiangruhuang,Qiangru Huang,1
gezhang,Ge Zhang,1
yewang,Ye Wang,1
jieqian,Jie Qian,1
yanxiasun,Yanxia Sun,1
yiminqu,Yimin Qu,1
yugangli,Yugang Li,1
chuchuye,Chuchu Ye,1
luzhaofeng,Luzhao Feng,1
zhongjieli,Zhongjie Li,1
weizhongyang,Weizhong Yang,1
chenwang,Chen Wang,1
muhammadkalimullah,Muhammad Kalim Ullah,1
fahaddayam,Fahad Dayam,1
aamirahmed,Aamir Ahmed,1
sohailahmad,Sohail Ahmad,1
mehrubmunawar,Mehrub Munawar,1
sidrajahangir,Sidra Jahangir,1
muhammadhumayundaftani,Muhammad Humayun Daftani,1
zeeshanali,Zeeshan Ali,1
bakhtawarkakar,Bakhtawar Kakar,1
ammarafarooq,Ammara Farooq,1
naqeebullah,Naqeeb Ullah,1
anitastaroń,Anita Staroń,1
barbarapucelik,Barbara Pucelik,1
agatabarzowska,Agata Barzowska,1
magdakijania-kontak,Magda Kijania-Kontak,1
pawełstaroń,Paweł Staroń,1
petrosioannou,Petros Ioannou,1
stellabaliou,Stella Baliou,1
diamantiskofteridis,Diamantis Kofteridis,1
xiaolongma,Xiaolong Ma,1
wenqingwang,Wenqing Wang,1
qiongwu,Qiong Wu,1
chaozheng,Chao Zheng,1
jianchaoliu,Jianchao Liu,1
huajuanbai,Huajuan Bai,1
tianyizhang,Tianyi Zhang,1
linli,Lin Li,1
lihualiu,Lihua Liu,1
giovannadeiana,Giovanna Deiana,1
antonellaarghittu,Antonella Arghittu,1
marcodettori,Marco Dettori,1
paolocastiglia,Paolo Castiglia,1
jiayuanye,Jiayuan Ye,1
kaihuang,Kai Huang,1
yaojiangxu,Yaojiang Xu,1
nanchen,Nan Chen,1
yifeitu,Yifei Tu,1
jinghuang,Jing Huang,1
longfeishao,Longfei Shao,1
weiliangkong,Weiliang Kong,1
dongdongzhao,Dongdong Zhao,1
yilianxie,Yilian Xie,1
juehengliu,Jueheng Liu,1
jiajiaren,Jiajia Ren,1
xiaominggao,Xiaoming Gao,1
chuchuzhang,Chuchu Zhang,1
guorongdeng,Guorong Deng,1
jiameili,Jiamei Li,1
ruohanli,Ruohan Li,1
xiaochuangwang,Xiaochuang Wang,1
gangwang,Gang Wang,1
angélicasmata,Angélica S Mata,1
stelampdourado,Stela M P Dourado,1
camilasilvadacosta,Camila Silva da Costa,1
estelamesquitamarques,Estela Mesquita Marques,1
jessyanerodriguesdonascimento,Jessyane Rodrigues do Nascimento,1
victorantôniosilvalima,Victor Antônio Silva Lima,1
ralphsantos-oliveira,Ralph Santos-Oliveira,1
alinesantanafigueredo,Aline Santana Figueredo,1
carolinemartinsdejesus,Caroline Martins de Jesus,1
glécillacolombellidesouzanunes,Glécilla Colombelli de Souza Nunes,1
clenilmamarquesbrandão,Clenilma Marques Brandão,1
edsontobiasdejesus,Edson Tobias de Jesus,1
mayaracoelhosa,Mayara Coelho Sa,1
auroatsushitanaka,Auro Atsushi Tanaka,1
gustavobraga,Gustavo Braga,1
anacarolineferreirasantos,Ana Caroline Ferreira Santos,1
robertobatistadelima,Roberto Batista de Lima,1
lucileneamorimsilva,Lucilene Amorim Silva,1
lucianamagalhãesrebeloalencar,Luciana Magalhães Rebelo Alencar,1
cláudiaquintinodarocha,Cláudia Quintino da Rocha,1
renatosonchinigonçalves,Renato Sonchini Gonçalves,1
vitóriameneghettiminatel,Vitória Meneghetti Minatel,1
carlosrobertoprudencio,Carlos Roberto Prudencio,1
beneditobarraviera,Benedito Barraviera,1
ruiseabraferreira,Rui Seabra Ferreira,1
rashmiarora,Rashmi Arora,1
ritchubabbar,Ritchu Babbar,1
abhishekdabra,Abhishek Dabra,1
bhawnachopra,Bhawna Chopra,1
geetadeswal,Geeta Deswal,1
ajmersinghgrewal,Ajmer Singh Grewal,1
noorasaabusheraida,Noora S A Abusheraida,1
asraaahalbaker,Asraa A H AlBaker,1
asmaasaaljabri,Asmaa S A Aljabri,1
hanaaabdelrahman,Hana A Abdelrahman,1
hassanal-mana,Hassan Al-Mana,1
godwinjwilson,Godwin J Wilson,1
khalidaanan,Khalid A Anan,1
nahlaoeltai,Nahla O Eltai,1
elisagouveagutman,Elisa Gouvea Gutman,1
renanamphilophiofernandes,Renan Amphilophio Fernandes,1
jéssicavasquesraposo-vedovi,Jéssica Vasques Raposo-Vedovi,1
andrezalemossalvio,Andreza Lemos Salvio,1
larissaaraujoduarte,Larissa Araujo Duarte,1
caiofariatardim,Caio Faria Tardim,1
viniciusgabrielcoutinhocosta,Vinicius Gabriel Coutinho Costa,1
valériacoelhosantaritapereira,Valéria Coelho Santa Rita Pereira,1
paulorobertovallebahia,Paulo Roberto Valle Bahia,1
marcosmartinsdasilva,Marcos Martins da Silva,1
fabrícialimafontes-dantas,Fabrícia Lima Fontes-Dantas,1
sonizavieiraalves-leon,Soniza Vieira Alves-Leon,1
zhe-yingwang,Zhe-Ying Wang,1
lu-luli,Lu-Lu Li,1
xue-leicao,Xue-Lei Cao,1
pingli,Ping Li,1
jiandu,Jian Du,1
ming-jinzou,Ming-Jin Zou,1
li-liwang,Li-Li Wang,1
carlosramirosilva-ramos,Carlos Ramiro Silva-Ramos,1
julianagil-mora,Juliana Gil-Mora,1
cristiancserna-rivera,Cristian C Serna-Rivera,1
heidy-cmartínezdíaz,Heidy-C Martínez Díaz,1
nicaelarestrepo-lópez,Nicaela Restrepo-López,1
piedadagudelo-flórez,Piedad Agudelo-Flórez,1
margaritaarboleda,Margarita Arboleda,1
franciscojdíaz,Francisco J Díaz,1
álvaroafaccini-martínez,Álvaro A Faccini-Martínez,1
marylinhidalgo,Marylin Hidalgo,1
petercmelby,Peter C Melby,1
patriciavaguilar,Patricia V Aguilar,1
miguelmcabada,Miguel M Cabada,1
albertotobón-castaño,Alberto Tobón-Castaño,1
juandavidrodas,Juan David Rodas,1
olufeminicholasolulaja,Olufemi Nicholas Olulaja,1
emmanueltemitopeanjorin,Emmanuel Temitope Anjorin,1
olabodeekerin,Olabode Ekerin,1
oluwatoyositolulopeafolabi,Oluwatoyosi Tolulope Afolabi,1
jemimahmayowainuojo,Jemimah Mayowa Inuojo,1
piusomoruyiomosigho,Pius Omoruyi Omosigho,1
okesanyaolalekanjohn,Okesanya Olalekan John,1
olaniyiabideenadigun,Olaniyi Abideen Adigun,1
hakeemkayodehassan,Hakeem Kayode Hassan,1
olalekenoaholabode,Olaleke Noah Olabode,1
abioyesundaymicheal,Abioye Sunday Micheal,1
usmanabubakarharuna,Usman Abubakar Haruna,1
amandeepsingh,Amandeep Singh,1
emerymanirambona,Emery Manirambona,1
gouthamirao,Gouthami Rao,1
drewcapone,Drew Capone,1
kevinzhu,Kevin Zhu,1
abigailknoble,Abigail Knoble,1
yarrowlinden,Yarrow Linden,1
ryanclark,Ryan Clark,1
amandalai,Amanda Lai,1
juheekim,Juhee Kim,1
ching-huahuang,Ching-Hua Huang,1
aaronbivins,Aaron Bivins,1
joebrown,Joe Brown,1
juanchu,Juan Chu,1
xiaoqinzhao,Xiaoqin Zhao,1
osamaahmedhassan,Osama Ahmed Hassan,1
katinkadebalogh,Katinka de Balogh,1
andreasylviawinkler,Andrea Sylvia Winkler,1
elainemeade,Elaine Meade,1
neilrowan,Neil Rowan,1
marygarvey,Mary Garvey,1
altafbandy,Altaf Bandy,1
farooqawani,Farooq A Wani,1
abdulhmohammed,Abdul H Mohammed,1
umarfdar,Umar F Dar,1
ayeshamallick,Ayesha Mallick,1
mushtaqrdar,Mushtaq R Dar,1
bilalatantry,Bilal A Tantry,1
manonblin,Manon Blin,1
brunosenghor,Bruno Senghor,1
jérômeboissier,Jérôme Boissier,1
stephenmulero,Stephen Mulero,1
olivierrey,Olivier Rey,1
julienportela,Julien Portela,1
angelamariarocchigiani,Angela Maria Rocchigiani,1
lucaferretti,Luca Ferretti,1
aliceledda,Alice Ledda,1
antonellodinardo,Antonello Di Nardo,1
matteofloris,Matteo Floris,1
pierobonelli,Piero Bonelli,1
federicaloi,Federica Loi,1
marialauraidda,Maria Laura Idda,1
pierpaoloangioi,Pier Paolo Angioi,1
susannazinellu,Susanna Zinellu,1
mariangelastefaniafiori,Mariangela Stefania Fiori,1
robertobechere,Roberto Bechere,1
paolacapitta,Paola Capitta,1
annamariacoccollone,Annamaria Coccollone,1
elisabettacoradduzza,Elisabetta Coradduzza,1
mariaantoniettadettori,Maria Antonietta Dettori,1
mariacaterinafattaccio,Maria Caterina Fattaccio,1
elenagallisai,Elena Gallisai,1
caterinamaestrale,Caterina Maestrale,1
danielamanunta,Daniela Manunta,1
aurelianapedditzi,Aureliana Pedditzi,1
ivanapiredda,Ivana Piredda,1
brunapalmas,Bruna Palmas,1
sarasalza,Sara Salza,1
annamariasechi,Anna Maria Sechi,1
barbaratanda,Barbara Tanda,1
mariapaolamadrau,Maria Paola Madrau,1
marialuisasanna,Maria Luisa Sanna,1
simonettacherchi,Simonetta Cherchi,1
nicolettaponti,Nicoletta Ponti,1
giovannamasala,Giovanna Masala,1
robertosirica,Roberto Sirica,1
eloisaevangelista,Eloisa Evangelista,1
annalisaoggiano,Annalisa Oggiano,1
giantonellapuggioni,Giantonella Puggioni,1
ciriacoligios,Ciriaco Ligios,1
silviadeigiudici,Silvia Dei Giudici,1
paritoshpatel,Paritosh Patel,1
adityanandi,Aditya Nandi,1
sureshkverma,Suresh K Verma,1
nehakaushik,Neha Kaushik,1
mrutyunjaysuar,Mrutyunjay Suar,1
eunhachoi,Eun Ha Choi,1
nagendrakumarkaushik,Nagendra Kumar Kaushik,1
mohammadasim,Mohammad Asim,1
naushadahmadkhan,Naushad Ahmad Khan,1
kudaibergenosmonaliev,Kudaibergen Osmonaliev,1
brijeshsathian,Brijesh Sathian,1
xiaodanlin,Xiaodan Lin,1
xiuhuamao,Xiuhua Mao,1
fuzhiai,FuZhi Ai,1
weiguangyao,Weiguang Yao,1
chuwenwang,Chuwen Wang,1
danyingyan,Danying Yan,1
jiajiahuang,Jiajia Huang,1
naibinyang,Naibin Yang,1
jiejunshi,Jiejun Shi,1
shoupan,Shou Pan,1
gaoqianglin,Gaoqiang Lin,1
yingliu,Ying Liu,1
yingyingzhang,Yingying Zhang,1
xueyanbian,Xueyan Bian,1
qifasong,Qifa Song,1
guoqingqian,Guoqing Qian,1
dongligao,Dongli Gao,1
xudongguo,Xudong Guo,1
yiyang,Yi Yang,1
huashi,Hua Shi,1
rongzhanghao,Rongzhang Hao,1
shengqiwang,Shengqi Wang,1
zhenjunli,Zhen Jun Li,1
rongtaozhao,Rongtao Zhao,1
hongbinsong,Hongbin Song,1
qudsiasarwer,Qudsia Sarwer,1
muhammadshoaibamjad,Muhammad Shoaib Amjad,1
ansarmehmood,Ansar Mehmood,1
zakiabinish,Zakia Binish,1
ghazalamustafa,Ghazala Mustafa,1
atikahfarooq,Atikah Farooq,1
mirzafaisalqaseem,Mirza Faisal Qaseem,1
foziaabasi,Fozia Abasi,1
josémanuelpérezdelalastra,José Manuel Pérez de la Lastra,1
sandraramos-inza,Sandra Ramos-Inza,1
andreinahenriquez-figuereo,Andreina Henriquez-Figuereo,1
esthermoreno,Esther Moreno,1
melibeaberzosa,Melibea Berzosa,1
ignacioencío,Ignacio Encío,1
danielplano,Daniel Plano,1
carmensanmartín,Carmen Sanmartín,1
giusytassone,Giusy Tassone,1
marcomazzorana,Marco Mazzorana,1
ceciliapozzi,Cecilia Pozzi,1
hanlinlv,Hanlin Lv,1
jieliu,Jie Liu,1
yingwang,Ying Wang,1
xiaominxia,Xiaomin Xia,1
yingli,Ying Li,1
wenxuehou,Wenxue Hou,1
fengli,Feng Li,1
lantianguo,Lantian Guo,1
xueli,Xue Li,1
xingguangli,Xingguang Li,1
haizhouliu,Haizhou Liu,1
yigangtong,Yigang Tong,1
larissavuitika,Larissa Vuitika,1
wasimaprates-syed,Wasim A Prates-Syed,1
jaquelinedinisqueirossilva,Jaqueline Dinis Queiros Silva,1
karinpcrema,Karin P Crema,1
nelsoncôrtes,Nelson Côrtes,1
alinelira,Aline Lira,1
juliabeatrizmenucilima,Julia Beatriz Menuci Lima,1
nielsolsensaraivacamara,Niels Olsen Saraiva Camara,1
lenafschimke,Lena F Schimke,1
otaviocabral-marques,Otavio Cabral-Marques,1
mohammadsadraeian,Mohammad Sadraeian,1
lorenacschaves,Lorena C S Chaves,1
gustavocabral-miranda,Gustavo Cabral-Miranda,1
kieutheloantrinh,Kieu The Loan Trinh,1
naeyoonlee,Nae Yoon Lee,1
maoke,M A Oke,1
fjafolabi,F J Afolabi,1
oooyeleke,O O Oyeleke,1
takilani,T A Kilani,1
aradeosun,A R Adeosun,1
aaolanbiwoninu,A A Olanbiwoninu,1
eaadebayo,E A Adebayo,1
wenjingzhao,Wenjing Zhao,1
liliwang,Lili Wang,1
linzhang,Lin Zhang,1
kadekkarangagustina,Kadek Karang Agustina,1
imadeadywirawan,I Made Ady Wirawan,1
imadesudarmaja,I Made Sudarmaja,1
madesubrata,Made Subrata,1
nyomansadradharmawan,Nyoman Sadra Dharmawan,1
yaxianlin,Yaxian Lin,1
yangyangjiang,Yangyang Jiang,1
ziweizhao,Ziwei Zhao,1
yueyanglu,Yueyang Lu,1
xinpingxi,Xinping Xi,1
chengbangma,Chengbang Ma,1
xiaolingchen,Xiaoling Chen,1
meizhou,Mei Zhou,1
tianbaochen,Tianbao Chen,1
chrisshaw,Chris Shaw,1
ruo-nanwang,Ruo-Nan Wang,1
yue-chizhang,Yue-Chi Zhang,1
bo-taoyu,Bo-Tao Yu,1
yan-tinghe,Yan-Ting He,1
beili,Bei Li,1
yi-lizhang,Yi-Li Zhang,1
carinaconzelmann,Carina Conzelmann,1
edinmuratspahić,Edin Muratspahić,1
natašatomašević,Nataša Tomašević,1
janmünch,Jan Münch,1
christianwgruber,Christian W Gruber,1
jacquelinepeng,Jacqueline Peng,1
davidxu,David Xu,1
ryanlee,Ryan Lee,1
siweixu,Siwei Xu,1
yunyunzhou,Yunyun Zhou,1
kaiwang,Kai Wang,1
yasminabo-zeid,Yasmin Abo-Zeid,1
marwaredabakkar,Marwa Reda Bakkar,1
gehadeelkhouly,Gehad E Elkhouly,1
nermeenrraya,Nermeen R Raya,1
daliazaafar,Dalia Zaafar,1
isadorasousadeoliveira,Isadora Sousa de Oliveira,1
larissasoarescardoso,Larissa Soares Cardoso,1
isabelagobboferreira,Isabela Gobbo Ferreira,1
gabrielmeloalexandre-silva,Gabriel Melo Alexandre-Silva,1
beatrizdecássiadasilvajacob,Beatriz de Cássia da Silva Jacob,1
felipeaugustocerni,Felipe Augusto Cerni,1
wueltonmarcelomonteiro,Wuelton Marcelo Monteiro,1
umbertozottich,Umberto Zottich,1
manuelabertopucca,Manuela Berto Pucca,1
gamalel-dinaabuo-rahma,Gamal El-Din A Abuo-Rahma,1
mamdouhfamohamed,Mamdouh F A Mohamed,1
tareksibrahim,Tarek S Ibrahim,1
maieshoman,Mai E Shoman,1
ebtihalsamir,Ebtihal Samir,1
rehabmabdel-baky,Rehab M Abd El-Baky,1
rongshengzhou,Rongsheng Zhou,1
weihaoyin,Weihao Yin,1
wenjinli,Wenjin Li,1
yingchunwang,Yingchun Wang,1
jinglu,Jing Lu,1
zhongli,Zhong Li,1
xinxinhu,Xinxin Hu,1
soniasifuentes-franco,Sonia Sifuentes-Franco,1
dellaneiracarolinasánchez-macías,Dellaneira Carolina Sánchez-Macías,1
sandracarrillo-ibarra,Sandra Carrillo-Ibarra,1
juanjosérivera-valdés,Juan José Rivera-Valdés,1
laurayzuñiga,Laura Y Zuñiga,1
virginiaaleydasánchez-lópez,Virginia Aleyda Sánchez-López,1
arthurvengesai,Arthur Vengesai,1
marithakasambala,Maritha Kasambala,1
hamletmutandadzi,Hamlet Mutandadzi,1
tarirolmduluza-jokonya,Tariro L Mduluza-Jokonya,1
takafiramduluza,Takafira Mduluza,1
thajasvarienaicker,Thajasvarie Naicker,1
anliunie,Anliu Nie,1
xiangfensu,Xiangfen Su,1
mengyuandong,Mengyuan Dong,1
wenjieguan,Wenjie Guan,1
nahidjesri,Nahid Jesri,1
abedinsaghafipour,Abedin Saghafipour,1
alirezakoohpaei,Alireza Koohpaei,1
babakfarzinnia,Babak Farzinnia,1
moharramkaramijooshin,Moharram Karami Jooshin,1
samanehabolkheirian,Samaneh Abolkheirian,1
mahsasarvi,Mahsa Sarvi,1
gianfrancoarroyo,Gianfranco Arroyo,1
javierabustos,Javier A Bustos,1
andresglescano,Andres G Lescano,1
isidrogonzales,Isidro Gonzales,1
herbertsaavedra,Herbert Saavedra,1
ejavierpretell,E Javier Pretell,1
yeseniacastillo,Yesenia Castillo,1
erikaperez,Erika Perez,1
pierredorny,Pierre Dorny,1
roberthgilman,Robert H Gilman,1
setheo'neal,Seth E O'Neal,1
armandoegonzalez,Armando E Gonzalez,1
hectorhgarcia,Hector H Garcia,1
shahanajshano,Shahanaj Shano,1
arifulislam,Ariful Islam,1
emilyhagan,Emily Hagan,1
melindakrostal,Melinda K Rostal,1
stephaniemartinez,Stephanie Martinez,1
abdullahalshakil,Abdullah Al Shakil,1
moushumihasan,Moushumi Hasan,1
leilanifrancisco,Leilani Francisco,1
mushtuqmhusain,Mushtuq M Husain,1
mahmudurrahman,Mahmudur Rahman,1
meerjadysflora,Meerjady S Flora,1
maureenmiller,Maureen Miller,1
jonathanhepstein,Jonathan H Epstein,1
bayissachala,Bayissa Chala,1
feyissahamde,Feyissa Hamde,1
jingqiao,Jing Qiao,1
shuolincui,Shuolin Cui,1
maypxiong,May P Xiong,1
nikkikupferman,Nikki Kupferman,1
emilyhanlin,Emily Hanlin,1
chiararossi,Chiara Rossi,1
nicolazadra,Nicola Zadra,1
cristinafevola,Cristina Fevola,1
fraukeecke,Frauke Ecke,1
birgerhörnfeldt,Birger Hörnfeldt,1
renékallies,René Kallies,1
mariakazimirova,Maria Kazimirova,1
magnusmagnusson,Magnus Magnusson,1
gerteolsson,Gert E Olsson,1
rainergulrich,Rainer G Ulrich,1
annejjääskeläinen,Anne J Jääskeläinen,1
heikkihenttonen,Heikki Henttonen,1
heidichauffe,Heidi C Hauffe,1
oswaldosantosbaquero,Oswaldo Santos Baquero,1
wenqiaohe,Wenqiao He,1
yuhangao,Yuhan Gao,1
yuqiwen,Yuqi Wen,1
xuemeike,Xuemei Ke,1
zejinou,Zejin Ou,1
yongzhili,Yongzhi Li,1
huanhe,Huan He,1
qingchen,Qing Chen,1
chun-pingliu,Chun-Ping Liu,1
zi-dechen,Zi-De Chen,1
zi-yanye,Zi-Yan Ye,1
dong-yuehe,Dong-Yue He,1
yuedang,Yue Dang,1
zhe-weili,Zhe-Wei Li,1
miaoren,Miao Ren,1
zhi-jinfan,Zhi-Jin Fan,1
hong-xingliu,Hong-Xing Liu,1
táliamachadodeassis,Tália Machado de Assis,1
anarabello,Ana Rabello,1
gláuciacota,Gláucia Cota,1
mdtanvirkabir,Md Tanvir Kabir,1
mdsahabuddin,Md Sahab Uddin,1
philippejeandet,Philippe Jeandet,1
talhabinemran,Talha Bin Emran,1
saikatmitra,Saikat Mitra,1
ghadeermalbadrani,Ghadeer M Albadrani,1
amanyasayed,Amany A Sayed,1
mohamedmabdel-daim,Mohamed M Abdel-Daim,1
jesussimal-gandara,Jesus Simal-Gandara,1
nikashakiba,Nika Shakiba,1
christinajedholm,Christina J Edholm,1
blessingoemerenini,Blessing O Emerenini,1
anarinalmurillo,Anarina L Murillo,1
angelapeace,Angela Peace,1
omarsaucedo,Omar Saucedo,1
xueyingwang,Xueying Wang,1
lindajsallen,Linda J S Allen,1
teclaciociola,Tecla Ciociola,1
thelmaapertinhez,Thelma A Pertinhez,1
tizianodesimone,Tiziano De Simone,1
waltermagliani,Walter Magliani,1
elenaferrari,Elena Ferrari,1
silvanabelletti,Silvana Belletti,1
tizianad'adda,Tiziana D'Adda,1
stefaniaconti,Stefania Conti,1
lauragiovati,Laura Giovati,1
joshuajsteffan,Joshua J Steffan,1
jadeaderby,Jade A Derby,1
ericcbrevik,Eric C Brevik,1
rossanacordeiro,Rossana Cordeiro,1
santiagomoura,Santiago Moura,1
déboracastelo-branco,Débora Castelo-Branco,1
marcosfábiorocha,Marcos Fábio Rocha,1
reginaldolima-neto,Reginaldo Lima-Neto,1
joséjúliosidrim,José Júlio Sidrim,1
tendaniesebola,Tendani E Sebola,1
nkemdinmacuche-okereafor,Nkemdinma C Uche-Okereafor,1
lukhanyomekuto,Lukhanyo Mekuto,1
mayamellisamakatini,Maya Mellisa Makatini,1
ezekielgreen,Ezekiel Green,1
vuyomavumengwana,Vuyo Mavumengwana,1
justusamuchenweze,Justus Amuche Nweze,1
florencenmbaoji,Florence N Mbaoji,1
yan-mingli,Yan-Ming Li,1
li-yanyang,Li-Yan Yang,1
shu-shihuang,Shu-Shi Huang,1
vincentnchigor,Vincent N Chigor,1
emmanuelaeze,Emmanuel A Eze,1
li-xiapan,Li-Xia Pan,1
deng-fengyang,Deng-Feng Yang,1
eliveltondasilvafonseca,Elivelton Da Silva Fonseca,1
raulborgesguimarães,Raul Borges Guimarães,1
luizeuribelprestes-carneiro,Luiz Euribel Prestes-Carneiro,1
joséeduardotolezano,José Eduardo Tolezano,1
moaradesantanamartinsrodgers,Moara De Santana Martins Rodgers,1
ryanharryavery,Ryan Harry Avery,1
johnbmalone,John B Malone,1
daviddacosta,David Da Costa,1
chloéexbrayat-héritier,Chloé Exbrayat-Héritier,1
basilerambaud,Basile Rambaud,1
simonmegy,Simon Megy,1
raphaëlterreux,Raphaël Terreux,1
bernardverrier,Bernard Verrier,1
charlotteprimard,Charlotte Primard,1
ze-liangwu,Ze-Liang Wu,1
junzhao,Jun Zhao,1
rongxu,Rong Xu,1
mariangelavalentinapuci,Mariangela Valentina Puci,1
guidonosari,Guido Nosari,1
giuliavirginiapuci,Giulia Virginia Puci,1
cristinamontomoli,Cristina Montomoli,1
ottaviaeleonoraferraro,Ottavia Eleonora Ferraro,1
tahahusseinmusa,Taha Hussein Musa,1
tauseefahmad,Tauseef Ahmad,1
weili,Wei Li,1
josephkawuki,Joseph Kawuki,1
mohammednasiruwana,Mohammed Nasiru Wana,1
hassanhusseinmusa,Hassan Hussein Musa,1
pingminwei,Pingmin Wei,1
mainulhaque,Mainul Haque,1
judymckimm,Judy McKimm,1
massimosartelli,Massimo Sartelli,1
sameerdhingra,Sameer Dhingra,1
francescomlabricciosa,Francesco M Labricciosa,1
salequlislam,Salequl Islam,1
dilshadjahan,Dilshad Jahan,1
tanzinanusrat,Tanzina Nusrat,1
tajkerasultanachowdhury,Tajkera Sultana Chowdhury,1
federicococcolini,Federico Coccolini,1
katiaiskandar,Katia Iskandar,1
faustocatena,Fausto Catena,1
jaykarancharan,Jaykaran Charan,1
mariatrovato,Maria Trovato,1
rossellasartorius,Rossella Sartorius,1
lucianad'apice,Luciana D'Apice,1
robertamanco,Roberta Manco,1
piergiuseppedeberardinis,Piergiuseppe De Berardinis,1
yaoyaodai,Yaoyao Dai,1
jianmingwang,Jianming Wang,1
cheikhfall,Cheikh Fall,1
auréliecappuyns,Aurélie Cappuyns,1
oumarfaye,Oumar Faye,1
stevenpauwels,Steven Pauwels,1
gamoufall,Gamou Fall,1
ndongodia,Ndongo Dia,1
moussamdiagne,Moussa M Diagne,1
cheikhtdiagne,Cheikh T Diagne,1
makhtarniang,Makhtar Niang,1
alassanembengue,Alassane Mbengue,1
martinfaye,Martin Faye,1
idrissadieng,Idrissa Dieng,1
babacargningue,Babacar Gningue,1
abdoulayebousso,Abdoulaye Bousso,1
ousmanefaye,Ousmane Faye,1
rudipauwels,Rudi Pauwels,1
amadouasall,Amadou A Sall,1
volodymyrhorishny,Volodymyr Horishny,1
victorkartsev,Victor Kartsev,1
vasylmatiychuk,Vasyl Matiychuk,1
athinageronikaki,Athina Geronikaki,1
petrouanthi,Petrou Anthi,1
pavelpogodin,Pavel Pogodin,1
vladimirporoikov,Vladimir Poroikov,1
marijaivanov,Marija Ivanov,1
marinakostic,Marina Kostic,1
marinadsoković,Marina D Soković,1
phaedraeleftheriou,Phaedra Eleftheriou,1
garethrwilliams,Gareth R Williams,1
lilatouabi,Lila Touabi,1
garyrmclean,Gary R McLean,1
qingnie,Qing Nie,1
weichen,Wei Chen,1
dehuiliu,Dehui Liu,1
yingyingchen,Yingying Chen,1
haitaoli,Haitao Li,1
dongyingli,Dongying Li,1
mengmengtian,Mengmeng Tian,1
weitan,Wei Tan,1
junjiezai,Junjie Zai,1
luciaanacurti,Lucia Ana Curti,1
federicopereyra-bonnet,Federico Pereyra-Bonnet,1
guillermodanielrepizo,Guillermo Daniel Repizo,1
jessicavanninafay,Jessica Vannina Fay,1
karinasalvatierra,Karina Salvatierra,1
maríajoséblariza,María José Blariza,1
daianaibañez-alegre,Daiana Ibañez-Alegre,1
adrianaraquelrinflerch,Adriana Raquel Rinflerch,1
marcosmiretti,Marcos Miretti,1
carlaalejandragimenez,Carla Alejandra Gimenez,1
mengchungong,Mengchun Gong,1
liliu,Li Liu,1
chenwu,Chen Wu,1
yueyang,Yue Yang,1
yangshen,Yang Shen,1
jieli,Jie Li,1
kaichenglin,Kaicheng Lin,1
yiguo,Yi Guo,1
hongyunwei,Hongyun Wei,1
zeyuxu,Zeyu Xu,1
hongzhu,Hong Zhu,1
masoudbehzadifar,Masoud Behzadifar,1
mahboubehkhatonghanbari,Mahboubeh Khaton Ghanbari,1
ahadbakhtiari,Ahad Bakhtiari,1
meysambehzadifar,Meysam Behzadifar,1
nicolaluigibragazzi,Nicola Luigi Bragazzi,1
anthipetrou,Anthi Petrou,1
jasminaglamoclija,Jasmina Glamoclija,1
anaciric,Ana Ciric,1
marinasokovic,Marina Sokovic,1
barbaracastro-pimentelfigueiredo,Barbara Castro-Pimentel Figueiredo,1
carinasilvapinheiro,Carina Silva Pinheiro,1
fabiovitarellimarinho,Fabio Vitarelli Marinho,1
nestoradrianguerrero,Nestor Adrian Guerrero,1
xudongzhang,Xudong Zhang,1
yuzhuobai,Yuzhuo Bai,1
yunwang,Yun Wang,1
chunlanwang,Chunlan Wang,1
jianhuafu,Jianhua Fu,1
longlangao,Longlan Gao,1
jingbinfeng,Jingbin Feng,1
mallappakumaraswamy,Mallappa Kumara Swamy,1
maddipatlayogi,Maddipatla Yogi,1
gudepalyarenukaiahrudramurthy,Gudepalya Renukaiah Rudramurthy,1
boregowdapurushotham,Boregowda Purushotham,1
yuedeng,Yue Deng,1
angusnnamdioli,Angus Nnamdi Oli,1
wilsonokechukwuobialor,Wilson Okechukwu Obialor,1
martinsositadimmaifeanyichukwu,Martins Ositadimma Ifeanyichukwu,1
damianchukwuodimegwu,Damian Chukwu Odimegwu,1
judennaemekaokoyeh,Jude Nnaemeka Okoyeh,1
georgeogonnaemechebe,George Ogonna Emechebe,1
samsonadedejiadejumo,Samson Adedeji Adejumo,1
gordoncibeanu,Gordon C Ibeanu,1
lottybirnberg,Lotty Birnberg,1
sarahtemmam,Sarah Temmam,1
carlesaranda,Carles Aranda,1
florenciacorrea-fiz,Florencia Correa-Fiz,1
sandratalavera,Sandra Talavera,1
thomasbigot,Thomas Bigot,1
marceloit,Marc Eloit,1
núriabusquets,Núria Busquets,1
fernandaahbatista,Fernanda A H Batista,1
sérgiolramos,Sérgio L Ramos,1
andreileitão,Andrei Leitão,1
carlosamontanari,Carlos A Montanari,1
mauriziobotta,Maurizio Botta,1
mattiamori,Mattia Mori,1
júliocborges,Júlio C Borges,1
imadeartika,I Made Artika,1
agengwiyatno,Ageng Wiyatno,1
chairinnisama'roef,Chairin Nisa Ma'roef,1
abdulkadermasri,Abdulkader Masri,1
ayazanwar,Ayaz Anwar,1
naveedahmedkhan,Naveed Ahmed Khan,1
ruqaiyyahsiddiqui,Ruqaiyyah Siddiqui,1
rajapandiyankrishnamoorthy,Rajapandiyan Krishnamoorthy,1
abdulraheemradisa,Abdulraheem R Adisa,1
vaiyapurisubbarayanperiasamy,Vaiyapuri Subbarayan Periasamy,1
jeganathinarayanan,Jegan Athinarayanan,1
subash-babupandurangan,Subash-Babu Pandurangan,1
aliaalshatwi,Ali A Alshatwi,1
aleksandrałoczechin,Aleksandra Łoczechin,1
karinséron,Karin Séron,1
alexandrebarras,Alexandre Barras,1
emersongiovanelli,Emerson Giovanelli,1
sandrinebelouzard,Sandrine Belouzard,1
yen-tingchen,Yen-Ting Chen,1
nilsmetzler-nolte,Nils Metzler-Nolte,1
rabahboukherroub,Rabah Boukherroub,1
jeandubuisson,Jean Dubuisson,1
sabineszunerits,Sabine Szunerits,1
maureenuokwu,Maureen U Okwu,1
mitsanolley,Mitsan Olley,1
augustineoakpoka,Augustine O Akpoka,1
osazeeeizevbuwa,Osazee E Izevbuwa,1
abrhambelachewmuluye,Abrham Belachew Muluye,1
ashenafigenanewdesta,Ashenafi Genanew Desta,1
selamukebamoabate,Selamu Kebamo Abate,1
gemechutirunehdano,Gemechu Tiruneh Dano,1
sylvesterlanguon,Sylvester Languon,1
osbournequaye,Osbourne Quaye,1
valentinaafeodorova,Valentina A Feodorova,1
annamlyapina,Anna M Lyapina,1
sergeyszaitsev,Sergey S Zaitsev,1
mariaakhizhnyakova,Maria A Khizhnyakova,1
lidiyavsayapina,Lidiya V Sayapina,1
onegavulianova,Onega V Ulianova,1
sergeysulyanov,Sergey S Ulyanov,1
vladimirlmotin,Vladimir L Motin,1
consolatomariasergi,Consolato Maria Sergi,1
chang-yuguo,Chang-Yu Guo,1
wan-xuezhang,Wan-Xue Zhang,1
yi-guozhou,Yi-Guo Zhou,1
shan-shanzhang,Shan-Shan Zhang,1
luxi,Lu Xi,1
ran-ranzheng,Ran-Ran Zheng,1
juandu,Juan Du,1
jianmingzhang,Jianming Zhang,1
yancui,Yan Cui,1
qing-binlu,Qing-Bin Lu,1
consolatomsergi,Consolato M Sergi,1
gui-shengsong,Gui-Sheng Song,1
ayşeerkmen,Ayşe Erkmen,1
nevimtüzün,Nevim Tüzün,1
osmanerkmen,Osman Erkmen,1
valeriaherdea,Valeria Herdea,1
petrutatarciuc,Petruta Tarciuc,1
ralucaghionaru,Raluca Ghionaru,1
mircealupusoru,Mircea Lupusoru,1
elenatataranu,Elena Tataranu,1
sergiuchirila,Sergiu Chirila,1
oanarosu,Oana Rosu,1
cristinaoanamarginean,Cristina Oana Marginean,1
eugeneleibovitz,Eugene Leibovitz,1
smarandadiaconescu,Smaranda Diaconescu,1
qingqingliu,Qingqing Liu,1
xiaojuanjin,Xiaojuan Jin,1
juncheng,Jun Cheng,1
huajunzhou,Huajun Zhou,1
yingjiezhang,Yingjie Zhang,1
yuzhudai,Yuzhu Dai,1
pengwei,Peng Wei,1
lijuanwu,Lijuan Wu,1
yuli,Yu Li,1
jian'gangshi,Jian'gang Shi,1
yifengluo,Yifeng Luo,1
wenbinwu,Wenbin Wu,1
jiemeifeng,Jiemei Feng,1
amshestopalov,A M Shestopalov,1
ayualekseev,A Yu Alekseev,1
vvglupov,V V Glupov,1
mivoevoda,M I Voevoda,1
philipccalder,Philip C Calder,1
cgoulet,C Goulet,1
mdegarine-wichatitsky,M de Garine-Wichatitsky,1
pchardonnet,P Chardonnet,1
l-mdeklerk,L-M de Klerk,1
rkock,R Kock,1
smuset,S Muset,1
rsuu-ire,R Suu-Ire,1
acaron,A Caron,1
xiaopingma,Xiaoping Ma,1
junshuli,Junshu Li,1
zhiguoli,Zhiguo Li,1
benpingchen,Benping Chen,1
zhenwenling,Zhenwen Ling,1
shenglinfeng,Shenglin Feng,1
zhijunzhong,Zhijun Zhong,1
guangnengpeng,Guangneng Peng,1
yawang,Ya Wang,1
yaozhangjiang,Yaozhang Jiang,1
yugu,Yu Gu,1
fábiocardoso-freitas,Fábio Cardoso-Freitas,1
vanessasilva,Vanessa Silva,1
albertmartinez-silvestre,Albert Martinez-Silvestre,1
ângelamartins,Ângela Martins,1
patríciapoeta,Patrícia Poeta,1
alessandracristianesibim,Alessandra Cristiane Sibim,1
wagnerantoniochibadecastro,Wagner Antonio Chiba de Castro,1
louisebachkmetiuk,Louise Bach Kmetiuk,1
alexanderwelkerbiondo,Alexander Welker Biondo,1
nicholasfriedeman,Nicholas Friedeman,1
evincarter,Evin Carter,1
bruceakingsbury,Bruce A Kingsbury,1
michaeljravesi,Michael J Ravesi,1
jillianmjosimovich,Jillian M Josimovich,1
monicamatthews,Monica Matthews,1
markajordan,Mark A Jordan,1
vgtwort,V G Twort,1
vnlaine,V N Laine,1
kafield,K A Field,1
fwhiting-fawcett,F Whiting-Fawcett,1
fito,F Ito,1
mreiman,M Reiman,1
tbartonicka,T Bartonicka,1
mfritze,M Fritze,1
vailyukha,V A Ilyukha,1
vvbelkin,V V Belkin,1
eakhizhkin,E A Khizhkin,1
dmreeder,D M Reeder,1
dfukui,D Fukui,1
tljiang,T L Jiang,1
tmlilley,T M Lilley,1
subirsarker,Subir Sarker,1
luisarthurbrasilgadelhafarias,Luis Arthur Brasil Gadelha Farias,1
marcosmacielsousa,Marcos Maciel Sousa,1
kareneferreiracavalcante,Karene Ferreira Cavalcante,1
marinapinheirocatundajucá,Marina Pinheiro Catunda Jucá,1
aldenisedeolindacastro,Aldenise de Olinda Castro,1
lianaperdigãomello,Liana Perdigão Mello,1
rafaelferreiramesquita,Rafael Ferreira Mesquita,1
silvianepracianobandeira,Silviane Praciano Bandeira,1
anapaulamarchi,Ana Paula Marchi,1
tâniamarasilvacoelho,Tânia Mara Silva Coelho,1
antôniosilvalimaneto,Antônio Silva Lima Neto,1
éricoantoniogomesdearruda,Érico Antonio Gomes de Arruda,1
silviafigueiredocosta,Silvia Figueiredo Costa,1
maurasalarolideoliveira,Maura Salaroli de Oliveira,1
laurovieiraperdigãoneto,Lauro Vieira Perdigão Neto,1
ayatyousery,Ayat Yousery,1
doaaesoliman,Doaa E Soliman,1
aasamy,A A Samy,1
ahmadmallam,Ahmad M Allam,1
monagshaalan,Mona G Shaalan,1
amiraeabdelhamid,Amira E Abdel Hamid,1
esudlovenick,E Sudlovenick,1
ejenkins,E Jenkins,1
lloseto,L Loseto,1
manjeetsharan,Manjeet Sharan,1
deepthivijay,Deepthi Vijay,1
jayprakashyadav,Jay Prakash Yadav,1
jasbirsinghbedi,Jasbir Singh Bedi,1
pankajdhaka,Pankaj Dhaka,1
azubuikeraphaelnwaji,Azubuike Raphael Nwaji,1
onikisateinbaarieri,Onikisateinba Arieri,1
annabelsharonanyang,Annabel Sharon Anyang,1
kazenguedia,Kaze Nguedia,1
etomibarbaraabiade,Etomi Barbara Abiade,1
gileadebiegberiforcados,Gilead Ebiegberi Forcados,1
olusolaolalekanoladipo,Olusola Olalekan Oladipo,1
sundaymakama,Sunday Makama,1
ishakuleoelisha,Ishaku Leo Elisha,1
nonyelimozele,Nonyelim Ozele,1
jurbegofwangotep,Jurbe Gofwan Gotep,1
matthewfbarber,Matthew F Barber,1
jrossfitzgerald,J Ross Fitzgerald,1
andrewwbyrne,Andrew W Byrne,1
ericrmorgan,Eric R Morgan,1
celinabbaines,Celina B Baines,1
allisonkshaw,Allison K Shaw,1
zulfqarulhaq,Zulfqarul Haq,1
junaidnazir,Junaid Nazir,1
tasaduqmanzoor,Tasaduq Manzoor,1
afnansaleem,Afnan Saleem,1
hhamadani,H Hamadani,1
azmatalamkhan,Azmat Alam Khan,1
saharsaleembhat,Sahar Saleem Bhat,1
priyankajha,Priyanka Jha,1
syedmudasirahmad,Syed Mudasir Ahmad,1
luiseromero-gonzález,Luis E Romero-González,1
luisfmontelongo-martínez,Luis F Montelongo-Martínez,1
abigailgonzález-valdez,Abigail González-Valdez,1
saraequiroz-morales,Sara E Quiroz-Morales,1
miguelcocotl-yañez,Miguel Cocotl-Yañez,1
rafaelfranco-cendejas,Rafael Franco-Cendejas,1
gloriasoberón-chávez,Gloria Soberón-Chávez,1
lilianapardo-lópez,Liliana Pardo-López,1
víctorhbustamante,Víctor H Bustamante,1
elisabethheiderich,Elisabeth Heiderich,1
saskiakeller,Saskia Keller,1
mirjampewsner,Mirjam Pewsner,1
francescocarlooriggi,Francesco Carlo Origgi,1
samoazürcher-giovannini,Samoa Zürcher-Giovannini,1
stéphanieborel,Stéphanie Borel,1
irismarti,Iris Marti,1
patrickscherrer,Patrick Scherrer,1
simonerobertorolandopisano,Simone Roberto Rolando Pisano,1
brianfriker,Brian Friker,1
ireneadrian-kalchhauser,Irene Adrian-Kalchhauser,1
marie-pierreryser-degiorgis,Marie-Pierre Ryser-Degiorgis,1
ivánrodríguez-escolar,Iván Rodríguez-Escolar,1
alfonsobalmori-delapuente,Alfonso Balmori-de la Puente,1
manuelcollado-cuadrado,Manuel Collado-Cuadrado,1
danielbravo-barriga,Daniel Bravo-Barriga,1
sarahdelacour-estrella,Sarah Delacour-Estrella,1
ricardoenriquehernández-lambraño,Ricardo Enrique Hernández-Lambraño,1
joséángelsánchezagudo,José Ángel Sánchez Agudo,1
rodrigomorchón,Rodrigo Morchón,1
erinlsauer,Erin L Sauer,1
matthewdvenesky,Matthew D Venesky,1
taeganamcmahon,Taegan A McMahon,1
jeremymcohen,Jeremy M Cohen,1
scottbessler,Scott Bessler,1
lauraabrannelly,Laura A Brannelly,1
forrestbrem,Forrest Brem,1
allisonqbyrne,Allison Q Byrne,1
nealhalstead,Neal Halstead,1
oliverhyman,Oliver Hyman,1
pietertjjohnson,Pieter T J Johnson,1
corinnelrichards-zawacki,Corinne L Richards-Zawacki,1
samanthalrumschlag,Samantha L Rumschlag,1
brittanysears,Brittany Sears,1
jasonrrohr,Jason R Rohr,1
annearonsson,Anne Aronsson,1
fynnholm,Fynn Holm,1
yollaronamustika,Yolla Rona Mustika,1
kurnianisakinasih,Kurnia Nisa Kinasih,1
mustofahelmieffendi,Mustofa Helmi Effendi,1
yuliannapuspitasari,Yulianna Puspitasari,1
shendycanadyakurniawan,Shendy Canadya Kurniawan,1
aswinrafifkhairullah,Aswin Rafif Khairullah,1
muhammadesaerlangsamodra,Muhammad Esa Erlang Samodra,1
abdullahhasib,Abdullah Hasib,1
alfianalailidwiagustin,Alfiana Laili Dwi Agustin,1
ikechukwubenjaminmoses,Ikechukwu Benjamin Moses,1
ottosahatmartuasilaen,Otto Sahat Martua Silaen,1
giuliagranai,Giulia Granai,1
carmenborrelli,Carmen Borrelli,1
chiaramariti,Chiara Mariti,1
francescodiiacovo,Francesco Di Iacovo,1
pathisseryjohnsarlin,Pathissery John Sarlin,1
sanciamorris,Sancia Morris,1
sibybhasigeethambika,Siby Bhasi Geethambika,1
lijingopi,Lijin Gopi,1
meghamuraleedharan,Megha Muraleedharan,1
jenifferannthomas,Jeniffer Ann Thomas,1
gayathrysavitha,Gayathry Savitha,1
polycarpjoseph,Polycarp Joseph,1
rachelmdillon,Rachel M Dillon,1
jamesepaterson,James E Paterson,1
pilarmanorome,Pilar Manorome,1
kyleritchie,Kyle Ritchie,1
leonardshirose,Leonard Shirose,1
emilyslavik,Emily Slavik,1
christinamdavy,Christina M Davy,1
reillytjackson,Reilly T Jackson,1
tamikajlunn,Tamika J Lunn,1
isabellakdeanglis,Isabella K DeAnglis,1
josephgogola,Joseph G Ogola,1
paulwwebala,Paul W Webala,1
kristianmforbes,Kristian M Forbes,1
julietslamb,Juliet S Lamb,1
jérémytornos,Jérémy Tornos,1
mathildelejeune,Mathilde Lejeune,1
thierryboulinier,Thierry Boulinier,1
nithyakuttiyarthuveetil,Nithya Kuttiyarthu Veetil,1
amberleighehenschen,Amberleigh E Henschen,1
danamhawley,Dana M Hawley,1
balrajmelepat,Balraj Melepat,1
ramiadalloul,Rami A Dalloul,1
vladimírbeneš,Vladimír Beneš,1
jamessadelman,James S Adelman,1
michalvinkler,Michal Vinkler,1
andrewlarkins,Andrew Larkins,1
soulasackvannamahaxay,Soulasack Vannamahaxay,1
vannaphoneputtana,Vannaphone Puttana,1
malavanhchittavong,Malavanh Chittavong,1
fongsamouthsouthammavong,Fongsamouth Southammavong,1
mayfongmayxay,Mayfong Mayxay,1
davinaboyd,Davina Boyd,1
mieghanbruce,Mieghan Bruce,1
amandaash,Amanda Ash,1
myeongsukim,Myeongsu Kim,1
jieunbae,Jieun Bae,1
byungkwanoh,Byungkwan Oh,1
haerinrhim,Haerin Rhim,1
myeon-sikyang,Myeon-Sik Yang,1
somyeongyang,Somyeong Yang,1
bumseokkim,Bumseok Kim,1
jae-ikhan,Jae-Ik Han,1
christophermjones,Christopher M Jones,1
annelwilson,Anne L Wilson,1
michellecstanton,Michelle C Stanton,1
jrussellstothard,J Russell Stothard,1
federicaguglielmo,Federica Guglielmo,1
jameschirombo,James Chirombo,1
lindiwemafuleka,Lindiwe Mafuleka,1
roseoronje,Rose Oronje,1
thembamzilahowa,Themba Mzilahowa,1
roilapid,Roi Lapid,1
yairmotro,Yair Motro,1
hillarycraddock,Hillary Craddock,1
boriskhalfin,Boris Khalfin,1
roniking,Roni King,1
gilakahilabar-gal,Gila Kahila Bar-Gal,1
jacobmoran-gilad,Jacob Moran-Gilad,1
zhaomengyi,Zhao Mengyi,1
liyuhui,Li Yuhui,1
gaozhan,Gao Zhan,1
liuanqing,Liu Anqing,1
liyujia,Li Yujia,1
lishilin,Li Shilin,1
gaolei,Gao Lei,1
lanyue,Lan Yue,1
huangmei,Huang Mei,1
wanjianhua,Wan Jianhua,1
heweilan,He Weilan,1
maowei,Mao Wei,1
caijie,Cai Jie,1
zhoujingyu,Zhou Jingyu,1
yinyijing,Yin Yijing,1
guoyanli,Guo Yanli,1
zhongqiulei,Zhong Qiulei,1
huangyang,Huang Yang,1
chenlimin,Chen Limin,1
fanzhenxin,Fan Zhenxin,1
hemiao,He Miao,1
fevzibardakci,Fevzi Bardakci,1
sarahhilanmohammedal-subaie,Sarah Hilan Mohammed Al-Subaie,1
riadhbadraoui,Riadh Badraoui,1
mohdadnan,Mohd Adnan,1
arifjamalsiddiqui,Arif Jamal Siddiqui,1
rodrigohamede,Rodrigo Hamede,1
nicholasmfountain-jones,Nicholas M Fountain-Jones,1
fernandoarce,Fernando Arce,1
mennajones,Menna Jones,1
andrewstorfer,Andrew Storfer,1
paulahohenlohe,Paul A Hohenlohe,1
hamishmccallum,Hamish McCallum,1
benjaminroche,Benjamin Roche,1
beataujvari,Beata Ujvari,1
frédéricthomas,Frédéric Thomas,1
abayomisolabode,Abayomi S Olabode,1
mitchelljmumby,Mitchell J Mumby,1
tristanawild,Tristan A Wild,1
lauramuñoz-baena,Laura Muñoz-Baena,1
jimmyddikeakos,Jimmy D Dikeakos,1
artfypoon,Art F Y Poon,1
francissenanuvey,Francis Sena Nuvey,1
danielthaydon,Daniel T Haydon,1
janhattendorf,Jan Hattendorf,1
kennedykwasiaddo,Kennedy Kwasi Addo,1
gloriaivymensah,Gloria Ivy Mensah,1
güntherfink,Günther Fink,1
jakobzinsstag,Jakob Zinsstag,1
bassiroubonfoh,Bassirou Bonfoh,1
balbirbsingh,Balbir B Singh,1
michaelpward,Michael P Ward,1
navneetkdhand,Navneet K Dhand,1
christinegiesen,Christine Giesen,1
zaidaherrador,Zaida Herrador,1
beatrizfernandez-martinez,Beatriz Fernandez-Martinez,1
jordifiguerola,Jordi Figuerola,1
lauragangoso,Laura Gangoso,1
anavazquez,Ana Vazquez,1
dianagómez-barroso,Diana Gómez-Barroso,1
martavalldeperes,Marta Valldeperes,1
palomaprietoyerro,Paloma Prieto Yerro,1
jorgeramónlópez-olvera,Jorge Ramón López-Olvera,1
paulinofandos,Paulino Fandos,1
santiagolavín,Santiago Lavín,1
ramóncsoriguerescofet,Ramón C Soriguer Escofet,1
gregoriomentaberre,Gregorio Mentaberre,1
franciscojaviercano-manuelleón,Francisco Javier Cano-Manuel León,1
joséespinosa,José Espinosa,1
ariánráez-bravo,Arián Ráez-Bravo,1
jesúsmpérez,Jesús M Pérez,1
stefaniatampach,Stefania Tampach,1
josepestruch,Josep Estruch,1
roservelarde,Roser Velarde,1
joséenriquegranados,José Enrique Granados,1
costanzamanes,Costanza Manes,1
raymondrcarthy,Raymond R Carthy,1
vanessahull,Vanessa Hull,1
adriancpaskey,Adrian C Paskey,1
xiaofanglim,Xiao Fang Lim,1
justinhjng,Justin H J Ng,1
gregorykrice,Gregory K Rice,1
wannichia,Wan Ni Chia,1
casandrawphilipson,Casandra W Philipson,1
randyfoo,Randy Foo,1
reginazcer,Regina Z Cer,1
kylealong,Kyle A Long,1
matthewrlueder,Matthew R Lueder,1
lindsayglang,Lindsay Glang,1
kennethgfrey,Kenneth G Frey,1
theronhamilton,Theron Hamilton,1
ianhmendenhall,Ian H Mendenhall,1
gavinjsmith,Gavin J Smith,1
danielleeanderson,Danielle E Anderson,1
lin-fawang,Lin-Fa Wang,1
kimberlyabishop-lilly,Kimberly A Bishop-Lilly,1
xihanwang,Xihan Wang,1
xuwang,Xu Wang,1
jianpingcao,Jianping Cao,1
kristineamoore,Kristine A Moore,1
tabithaleighton,Tabitha Leighton,1
juliatostrowsky,Julia T Ostrowsky,1
coryjanderson,Cory J Anderson,1
richardndanila,Richard N Danila,1
angelakulrich,Angela K Ulrich,1
evemlackritz,Eve M Lackritz,1
angelajmehr,Angela J Mehr,1
ralphsbaric,Ralph S Baric,1
normanwbaylor,Norman W Baylor,1
bruceggellin,Bruce G Gellin,1
jenniferlgordon,Jennifer L Gordon,1
floriankrammer,Florian Krammer,1
stanleyperlman,Stanley Perlman,1
helenvrees,Helen V Rees,1
melaniesaville,Melanie Saville,1
charlottelweller,Charlotte L Weller,1
michaeltosterholm,Michael T Osterholm,1
mdmazharulislam,Md Mazharul Islam,1
proneshdutta,Pronesh Dutta,1
rijwanarashid,Rijwana Rashid,1
syedshariqjaffery,Syed Shariq Jaffery,1
elmoubasharfarag,Elmoubashar Farag,1
susumzughaier,Susu M Zughaier,1
devendrabansal,Devendra Bansal,1
mohammadmahmudulhassan,Mohammad Mahmudul Hassan,1
suthirotemeesawat,Suthirote Meesawat,1
saradeewarit,Saradee Warit,1
yuzuruhamada,Yuzuru Hamada,1
suchindamalaivijitnond,Suchinda Malaivijitnond,1
aabirbanerji,Aabir Banerji,1
kaseybenesh,Kasey Benesh,1
sarahabudischak,Sarah A Budischak,1
sarahhalvorsen,Sarah Halvorsen,1
findleyfinseth,Findley Finseth,1
inêsleão,Inês Leão,1
teresabentodecarvalho,Teresa Bento de Carvalho,1
valentinahenriques,Valentina Henriques,1
catarinaferreira,Catarina Ferreira,1
beneditasampaio-maia,Benedita Sampaio-Maia,1
céliammanaia,Célia M Manaia,1
thaisqmorcatty,Thais Q Morcatty,1
paulaerpereyra,Paula E R Pereyra,1
ahmadardiansyah,Ahmad Ardiansyah,1
muhammadaliimron,Muhammad Ali Imron,1
katherinehedger,Katherine Hedger,1
marcocampera,Marco Campera,1
kanne-isolanekaris,K Anne-Isola Nekaris,1
vincentnijman,Vincent Nijman,1
michelebarbato,Michele Barbato,1
albertoceselli,Alberto Ceselli,1
marcopremoli,Marco Premoli,1
georgiospappas,Georgios Pappas,1
despoinavokou,Despoina Vokou,1
ioannissainis,Ioannis Sainis,1
johnmhalley,John M Halley,1
ananiaboghossian,Anania Boghossian,1
noorakbar,Noor Akbar,1
toobajabri,Tooba Jabri,1
zaraaslam,Zara Aslam,1
muhammadrazashah,Muhammad Raza Shah,1
ahmadmalharbi,Ahmad M Alharbi,1
hasanalfahemi,Hasan Alfahemi,1
jacquesreis,Jacques Reis,1
alainlefaou,Alain Le Faou,1
alainbuguet,Alain Buguet,1
guysandner,Guy Sandner,1
peterspencer,Peter Spencer,1
nighatperveen,Nighat Perveen,1
gulfarazkhan,Gulfaraz Khan,1
sarahshanks,Sarah Shanks,1
maycivanschalkwyk,May Ci van Schalkwyk,1
aoifengalvin,Aoife N Galvin,1
pranavspandit,Pranav S Pandit,1
simongenglish,Simon G English,1
rachelcquock,Rachel C Quock,1
rutarbandivadekar,Ruta R Bandivadekar,1
ritarcolwell,Rita R Colwell,1
barbarawrobinson,Barbara W Robinson,1
hollybernest,Holly B Ernest,1
molliehbrown,Mollie H Brown,1
ravindernmsehgal,Ravinder N M Sehgal,1
lisaatell,Lisa A Tell,1
àlexgiménez-romero,Àlex Giménez-Romero,1
federicovazquez,Federico Vazquez,1
cristóballópez,Cristóbal López,1
manuelamatías,Manuel A Matías,1
shahinnekoei,Shahin Nekoei,1
fahamkhamesipour,Faham Khamesipour,1
marlenebenchimol,Marlene Benchimol,1
rubénbueno-marí,Rubén Bueno-Marí,1
davoodommi,Davood Ommi,1
iniobongchukwuebukaikennaugochukwu,Iniobong Chukwuebuka Ikenna Ugochukwu,1
iasminaluca,Iasmina Luca,1
nuhuabdulazeezsani,Nuhu Abdulazeez Sani,1
jacintangoziomeke,Jacinta Ngozi Omeke,1
madubuikeumunnaanyanwu,Madubuike Umunna Anyanwu,1
amienwanleneugeneodigie,Amienwanlen Eugene Odigie,1
remigiusibeonoja,Remigius Ibe Onoja,1
ohiemibenjaminocheja,Ohiemi Benjamin Ocheja,1
miracleoluchukwuugochukwu,Miracle Oluchukwu Ugochukwu,1
olabisiaminahmakanju,Olabisi Aminah Makanju,1
chiomainyanganeke,Chioma Inyang Aneke,1
arifasultana,Arifa Sultana,1
mdjamalhossain,Md Jamal Hossain,1
mdruhulkuddus,Md Ruhul Kuddus,1
mohammadarashid,Mohammad A Rashid,1
misssharminzahan,Miss Sharmin Zahan,1
arpitaroy,Arpita Roy,1
safaetalam,Safaet Alam,1
mdmoklesurrahmansarker,Md Moklesur Rahman Sarker,1
isanainamohamed,Isa Naina Mohamed,1
joelhenriqueellwanger,Joel Henrique Ellwanger,1
lorenbbyrne,Loren B Byrne,1
joséarturbogochies,José Artur Bogo Chies,1
krishnanbalasubramaniam,Krishna N Balasubramaniam,1
nalinaaiempichitkijkarn,Nalina Aiempichitkijkarn,1
stefanoskkaburu,Stefano S K Kaburu,1
pascalrmarty,Pascal R Marty,1
brianneabeisner,Brianne A Beisner,1
elizabliss-moreau,Eliza Bliss-Moreau,1
malgorzataearlet,Malgorzata E Arlet,1
edwardatwill,Edward Atwill,1
brendamccowan,Brenda McCowan,1
jasontladner,Jason T Ladner,1
jonathanmpalmer,Jonathan M Palmer,1
cassandralettinger,Cassandra L Ettinger,1
jasonestajich,Jason E Stajich,1
terencemfarrell,Terence M Farrell,1
bradmglorioso,Brad M Glorioso,1
beckilawson,Becki Lawson,1
stevenjprice,Steven J Price,1
annegstengle,Anne G Stengle,1
danielagrear,Daniel A Grear,1
jeffreymlorch,Jeffrey M Lorch,1
chiranjibchakraborty,Chiranjib Chakraborty,1
manojitbhattacharya,Manojit Bhattacharya,1
shyamsundarnandi,Shyam Sundar Nandi,1
ranjankmohapatra,Ranjan K Mohapatra,1
kuldeepdhama,Kuldeep Dhama,1
govindasamyagoramoorthy,Govindasamy Agoramoorthy,1
jordangass,Jordan Gass,1
jamievoyles,Jamie Voyles,1
sureshvkuchipudi,Suresh V Kuchipudi,1
deannabehring,Deanna Behring,1
ruthnissly,Ruth Nissly,1
shubhadakchothe,Shubhada K Chothe,1
abhinaygontu,Abhinay Gontu,1
abiramiravichandran,Abirami Ravichandran,1
tybutler,Ty Butler,1
owenjholland,Owen J Holland,1
madelinetoomey,Madeline Toomey,1
collinahrens,Collin Ahrens,1
aryahoffmann,Ary A Hoffmann,1
laurencejcroft,Laurence J Croft,1
craigdhsherman,Craig D H Sherman,1
adamdmiller,Adam D Miller,1
yangfeng,Yang Feng,1
yaoyanchen,Yaoyan Chen,1
songruiliu,Songrui Liu,1
ronghou,Rong Hou,1
xiayan,Xia Yan,1
yigeng,Yi Geng,1
hongruiguo,Hongrui Guo,1
pingouyang,Ping Ouyang,1
dongshengzhang,Dongsheng Zhang,1
xiaoyansu,Xiaoyan Su,1
marciachame,Marcia Chame,1
heliojcbarbosa,Helio J C Barbosa,1
luizmrgadelha,Luiz M R Gadelha,1
douglasaaugusto,Douglas A Augusto,1
eduardokrempser,Eduardo Krempser,1
liviaabdalla,Livia Abdalla,1
sabirhussain,Sabir Hussain,1
abrarhussain,Abrar Hussain,1
baolinsong,Baolin Song,1
muhammadumairaziz,Muhammad Umair Aziz,1
jehanzeb,Jehan Zeb,1
junli,Jun Li,1
davidgeorge,David George,1
alejandrocabezas-cruz,Alejandro Cabezas-Cruz,1
oliviersparagano,Olivier Sparagano,1
stefanjungbluth,Stefan Jungbluth,1
hildedepraetere,Hilde Depraetere,1
monikaslezak,Monika Slezak,1
dennischristensen,Dennis Christensen,1
norbertstockhofe,Norbert Stockhofe,1
laurentbeloeil,Laurent Beloeil,1
abduljabbar,Abdul Jabbar,1
liang-xingfang,Liang-Xing Fang,1
iqranaseeb,Iqra Naseeb,1
faiqashakeel,Faiqa Shakeel,1
hafizishfaqahmad,Hafiz Ishfaq Ahmad,1
yahongliu,Yahong Liu,1
davidgonzález-barrio,David González-Barrio,1
nynkeraven,Nynke Raven,1
marcelklaassen,Marcel Klaassen,1
thomasmadsen,Thomas Madsen,1
rodrigokhamede,Rodrigo K Hamede,1
hansschrieke,Hans Schrieke,1
loïsmaignien,Loïs Maignien,1
florentinconstancias,Florentin Constancias,1
floriantrigodet,Florian Trigodet,1
sarahchakloute,Sarah Chakloute,1
ignacerakotoarivony,Ignace Rakotoarivony,1
albanemarie,Albane Marie,1
gregoryl'ambert,Gregory L'Ambert,1
patrickmakoundou,Patrick Makoundou,1
nonitopages,Nonito Pages,1
amurateren,A Murat Eren,1
mylèneweill,Mylène Weill,1
mathieusicard,Mathieu Sicard,1
juliereveillaud,Julie Reveillaud,1
winifredffrick,Winifred F Frick,1
emilyjohnson,Emily Johnson,1
tinalcheng,Tina L Cheng,1
juliaslankton,Julia S Lankton,1
robinwarne,Robin Warne,1
jasondallas,Jason Dallas,1
katylparise,Katy L Parise,1
jeffreytfoster,Jeffrey T Foster,1
justingboyles,Justin G Boyles,1
liampmcguire,Liam P McGuire,1
rolandaknapp,Roland A Knapp,1
maxwellbjoseph,Maxwell B Joseph,1
thomascsmith,Thomas C Smith,1
erickaehegeman,Ericka E Hegeman,1
vancetvredenburg,Vance T Vredenburg,1
jameseerdman,James E Erdman,1
danielmboiano,Daniel M Boiano,1
andreajjani,Andrea J Jani,1
cheryljbriggs,Cheryl J Briggs,1
beatrizdovale,Beatriz do Vale,1
anapatrícialopes,Ana Patrícia Lopes,1
mariadaconceiçãofontes,Maria da Conceição Fontes,1
máriosilvestre,Mário Silvestre,1
luíscardoso,Luís Cardoso,1
anacláudiacoelho,Ana Cláudia Coelho,1
ruthhthurstan,Ruth H Thurstan,1
kimberleyjhockings,Kimberley J Hockings,1
johannasuhedlund,Johanna S U Hedlund,1
elenabersacola,Elena Bersacola,1
clairecollins,Claire Collins,1
reganearly,Regan Early,1
yunsiskaermiasi,Yunsiska Ermiasi,1
fraukefleischer-dogley,Frauke Fleischer-Dogley,1
gabriellagilkes,Gabriella Gilkes,1
markeharrison,Mark E Harrison,1
christophernkaiser-bunbury,Christopher N Kaiser-Bunbury,1
danielreflykatoppo,Daniel Refly Katoppo,1
cherylmarriott,Cheryl Marriott,1
marie-maymuzungaile,Marie-May Muzungaile,1
ananuno,Ana Nuno,1
aissaregalladebarros,Aissa Regalla de Barros,1
frankvanveen,Frank van Veen,1
isuruwijesundara,Isuru Wijesundara,1
didierdogley,Didier Dogley,1
nancybunbury,Nancy Bunbury,1
yaamoako,Y A Amoako,1
pel-duah,P El-Duah,1
aasylverken,A A Sylverken,1
mowusu,M Owusu,1
ryeboah,R Yeboah,1
rgorman,R Gorman,1
tadade,T Adade,1
jbonney,J Bonney,1
wtasiame,W Tasiame,1
knyarko-jectey,K Nyarko-Jectey,1
tbinger,T Binger,1
vmcorman,V M Corman,1
cdrosten,C Drosten,1
rophillips,R O Phillips,1
odetteklawler,Odette K Lawler,1
hannahlallan,Hannah L Allan,1
peterwjbaxter,Peter W J Baxter,1
romicastagnino,Romi Castagnino,1
marinacorellator,Marina Corella Tor,1
leahedann,Leah E Dann,1
joshuahungerford,Joshua Hungerford,1
dibeshkarmacharya,Dibesh Karmacharya,1
thomasjlloyd,Thomas J Lloyd,1
maríajosélópez-jara,María José López-Jara,1
gloetanmassie,Gloeta N Massie,1
juniornovera,Junior Novera,1
andrewmrogers,Andrew M Rogers,1
salitkark,Salit Kark,1
aleksijaneimanis,Aleksija Neimanis,1
antoniolavazza,Antonio Lavazza,1
paultavernier,Paul Tavernier,1
charalambosbillinis,Charalambos Billinis,1
jamespaulduff,James Paul Duff,1
danieltmladenov,Daniel T Mladenov,1
joliannemrijks,Jolianne M Rijks,1
sarasavić,Sara Savić,1
gudrunwibbelt,Gudrun Wibbelt,1
thijskuiken,Thijs Kuiken,1
zoranžlabravec,Zoran Žlabravec,1
alvrezec,Al Vrezec,1
brigitaslavec,Brigita Slavec,1
urškakuhar,Urška Kuhar,1
olgazormanrojs,Olga Zorman Rojs,1
joškoračnik,Joško Račnik,1
srijanseal,Srijan Seal,1
guhadharmarajan,Guha Dharmarajan,1
imrozekhan,Imroze Khan,1
zhiqiangwu,Zhiqiang Wu,1
qijin,Qi Jin,1
guizhenwu,Guizhen Wu,1
jianlu,Jian Lu,1
mingkunli,Mingkun Li,1
deyinguo,Deyin Guo,1
kelan,Ke Lan,1
zhaohuiqian,Zhaohui Qian,1
liliren,Lili Ren,1
wenjietan,Wenjie Tan,1
wenboxu,Wenbo Xu,1
jianweiwang,Jianwei Wang,1
oliviaskchan,Olivia S K Chan,1
katrionacfbradley,Katriona C F Bradley,1
alessandrogrioni,Alessandro Grioni,1
susannakplau,Susanna K P Lau,1
wen-tali,Wen-Ta Li,1
ioannismagouras,Ioannis Magouras,1
tintnaing,Tint Naing,1
andrewpadula,Andrew Padula,1
esthermwto,Esther M W To,1
heinmintun,Hein Min Tun,1
cedrictutt,Cedric Tutt,1
patrickcywoo,Patrick C Y Woo,1
rebeccabloch,Rebecca Bloch,1
nathaliefmauroo,Nathalie F Mauroo,1
carahlynclo,Carah Lyn C Lo,1
desamarieantonettepfernandez,Desamarie Antonette P Fernandez,1
mariacatalinatdeluna,Maria Catalina T de Luna,1
annapaulineodeguia,Anna Pauline O de Guia,1
vachelgayvpaller,Vachel Gay V Paller,1
bonnieegulas-wroblewski,Bonnie E Gulas-Wroblewski,1
rebeccabkairis,Rebecca B Kairis,1
rodiongorchakov,Rodion Gorchakov,1
annawheless,Anna Wheless,1
kristyomurray,Kristy O Murray,1
sabirbinmuzaffar,Sabir Bin Muzaffar,1
mohammadalial-deeb,Mohammad Ali Al-Deeb,1
yanzhang,Yan Zhang,1
rongshengmi,Rongsheng Mi,1
lijuanyang,Lijuan Yang,1
haiyangong,Haiyan Gong,1
chunzhongxu,Chunzhong Xu,1
yongqifeng,Yongqi Feng,1
xinshengchen,Xinsheng Chen,1
yanhuang,Yan Huang,1
xianganhan,Xiangan Han,1
zhaoguochen,Zhaoguo Chen,1
matthewjsilk,Matthew J Silk,1
ninahfefferman,Nina H Fefferman,1
rebeccapkdberg,Rebecca P K D Berg,1
crunestensvold,C Rune Stensvold,1
pikkajokelainen,Pikka Jokelainen,1
annakgrønlund,Anna K Grønlund,1
henrikvnielsen,Henrik V Nielsen,1
susankutz,Susan Kutz,1
christianmokapel,Christian M O Kapel,1
sarasmussen,S A Rasmussen,1
djjamieson,D J Jamieson,1
abdulrahmanasaied,AbdulRahman A Saied,1
asmaaametwally,Asmaa A Metwally,1
hamsmamohamed,Hams M A Mohamed,1
mohieamharidy,Mohie A M Haridy,1
jessicamonteiro,Jessica Monteiro,1
margaridaduarte,Margarida Duarte,1
kidéamadou,Kidé Amadou,1
castrobarbosa,Castro Barbosa,1
nahielbar,Nahi El Bar,1
fernandommadeira,Fernando M Madeira,1
aissaregalla,Aissa Regalla,1
anaduarte,Ana Duarte,1
luístavares,Luís Tavares,1
anaritapatrício,Ana Rita Patrício,1
elizabethrrush,Elizabeth R Rush,1
erindale,Erin Dale,1
aalonsoaguirre,A Alonso Aguirre,1
sarahhumboldt-dachroeden,Sarah Humboldt-Dachroeden,1
gloriafackelmann,Gloria Fackelmann,1
markafgillingham,Mark A F Gillingham,1
julianschmid,Julian Schmid,1
alexanderchristophheni,Alexander Christoph Heni,1
kerstinwilhelm,Kerstin Wilhelm,1
ninaschwensow,Nina Schwensow,1
simonesommer,Simone Sommer,1
eloisejthompson,Eloise J Thompson,1
sarahealexander,Sarah E Alexander,1
keganmoneghetti,Kegan Moneghetti,1
erinjhowden,Erin J Howden,1
matteoburgio,Matteo Burgio,1
lucreziaforte,Lucrezia Forte,1
andreaprete,Andrea Prete,1
aristidemaggiolino,Aristide Maggiolino,1
pasqualedepalo,Pasquale De Palo,1
giulioguidoaiudi,Giulio Guido Aiudi,1
annalisarizzo,Annalisa Rizzo,1
alicecarbonari,Alice Carbonari,1
giovannimichelelacalandra,Giovanni Michele Lacalandra,1
vincenzocicirelli,Vincenzo Cicirelli,1
jean-luckkabangu,Jean-Luc K Kabangu,1
dannyfowler,Danny Fowler,1
amandahernandez,Amanda Hernandez,1
takaranewsome-cuby,Takara Newsome-Cuby,1
bensonjoseph,Benson Joseph,1
johndugan,John Dugan,1
lanefry,Lane Fry,1
momodougbah,Momodou G Bah,1
soniaveden,Sonia V Eden,1
pablouribe-restrepo,Pablo Uribe-Restrepo,1
janethperez-garcia,Janeth Perez-Garcia,1
claudiamunoz-zanzi,Claudia Munoz-Zanzi,1
piedadagudelo-florez,Piedad Agudelo-Florez,1
ritapicado,Rita Picado,1
catarinajotabaptista,Catarina Jota Baptista,1
andrémeneses,André Meneses,1
sabrinalegatti,Sabrina Legatti,1
joanafonseca,Joana Fonseca,1
adrianabelas,Adriana Belas,1
adharialzaabi,Adhari AlZaabi,1
husseinayounus,Hussein A Younus,1
hassanaal-reasi,Hassan A Al-Reasi,1
rashidal-hajri,Rashid Al-Hajri,1
yuzhuo,Yu Zhuo,1
le-yanli,Le-Yan Li,1
yuzhang,Yu Zhang,1
xue-lingzhang,Xue-Ling Zhang,1
jin-huiliu,Jin-Hui Liu,1
yuan-pingdeng,Yuan-Ping Deng,1
guo-hualiu,Guo-Hua Liu,1
wei-yusu,Wei-Yu Su,1
ping-hsunwu,Ping-Hsun Wu,1
ming-yenlin,Ming-Yen Lin,1
pei-yuwu,Pei-Yu Wu,1
yi-chuntsai,Yi-Chun Tsai,1
yi-wenchiu,Yi-Wen Chiu,1
jer-mingchang,Jer-Ming Chang,1
chih-hsinghung,Chih-Hsing Hung,1
chih-dawu,Chih-Da Wu,1
chao-hungkuo,Chao-Hung Kuo,1
szu-chiachen,Szu-Chia Chen,1
michaelefrancescocorbisiero,Michaele Francesco Corbisiero,1
rebeccaaripperton,Rebecca A Ripperton,1
elizabethgarciacreighton,Elizabeth Garcia Creighton,1
anthonymsmyth,Anthony M Smyth,1
jdavidbeckham,J David Beckham,1
andresfhenao-martínez,Andres F Henao-Martínez,1
thilohammen,Thilo Hammen,1
sebastiantreib,Sebastian Treib,1
philipptreib,Philipp Treib,1
hermannstefan,Hermann Stefan,1
hajomhamer,Hajo M Hamer,1
ralflandwehr,Ralf Landwehr,1
lynnlohmann,Lynn Lohmann,1
sebastiankoch,Sebastian Koch,1
johannestreib,Johannes Treib,1
werneradler,Werner Adler,1
cesarcopaja-corzo,Cesar Copaja-Corzo,1
javierflores-cohaila,Javier Flores-Cohaila,1
gustavotapia-sequeiros,Gustavo Tapia-Sequeiros,1
jennifervilchez-cornejo,Jennifer Vilchez-Cornejo,1
miguelhueda-zavaleta,Miguel Hueda-Zavaleta,1
stalinvilcarromero,Stalin Vilcarromero,1
tomassantana-téllez,Tomas Santana-Téllez,1
joséfparodi,José F Parodi,1
sujeygomez-colque,Sujey Gomez-Colque,1
vicenteabenites-zapata,Vicente A Benites-Zapata,1
nathanchiarlitti,Nathan Chiarlitti,1
zacharygraves,Zachary Graves,1
curtislavoie,Curtis Lavoie,1
ryanerreid,Ryan E R Reid,1
zhenxuning,Zhenxu Ning,1
shuzhenhe,Shuzhen He,1
xinghaoliao,Xinghao Liao,1
chunguangma,Chunguang Ma,1
jingwu,Jing Wu,1
lukášhlisnikovský,Lukáš Hlisnikovský,1
ladislavmenšík,Ladislav Menšík,1
muhammadroman,Muhammad Roman,1
evakunzová,Eva Kunzová,1
justinelaverdeur,Justine Laverdeur,1
danieldesmecht,Daniel Desmecht,1
marie-pierrehayette,Marie-Pierre Hayette,1
gillesdarcis,Gilles Darcis,1
jenniferdstowell,Jennifer D Stowell,1
susananenberg,Susan Anenberg,1
benjaminfzaitchik,Benjamin F Zaitchik,1
danielqtong,Daniel Q Tong,1
clairejhorwell,Claire J Horwell,1
dennispstolle,Dennis P Stolle,1
christinemcentee,Christine McEntee,1
edwincenizasalvador,Edwin Ceniza Salvador,1
nileshbuddha,Nilesh Buddha,1
anilbhola,Anil Bhola,1
sourabhkumarsinha,Sourabh Kumar Sinha,1
masayakato,Masaya Kato,1
pushparwijesinghe,Pushpa R Wijesinghe,1
reubensamuel,Reuben Samuel,1
dhamarinaidoo,Dhamari Naidoo,1
sujeetkumarsingh,Sujeet Kumar Singh,1
wlsugandhikaperera,W L Sugandhika Perera,1
poonamksingh,Poonam K Singh,1
khaledaloweidat,Khaled Al Oweidat,1
ahmadatoubasi,Ahmad A Toubasi,1
ahmadalghrabli,Ahmad Alghrabli,1
yasmeenkhater,Yasmeen Khater,1
noorsaleh,Noor Saleh,1
asmasalbtoosh,Asma S Albtoosh,1
rawanshafeekbatarseh,Rawan Shafeek Batarseh,1
marijuliemartínez-lozano,Marijulie Martínez-Lozano,1
frankfraticelli,Frank Fraticelli,1
jessicairizarry,Jessica Irizarry,1
israelalmodóvar-rivera,Israel Almodóvar-Rivera,1
marthanunn,Martha Nunn,1
kaumudijjoshipura,Kaumudi J Joshipura,1
surhanbozkurt,Surhan Bozkurt,1
selimbozkurt,Selim Bozkurt,1
andrescardenas,Andres Cardenas,1
rajfadadu,Raj Fadadu,1
supindabunyavanich,Supinda Bunyavanich,1
hanbu,Han Bu,1
guominli,Guomin Li,1
xiangyuyu,Xiangyu Yu,1
zhouxun,Zhou Xun,1
yukichikayamamoto,Yukichika Yamamoto,1
hideharuhagiya,Hideharu Hagiya,1
ruikohayashi,Ruiko Hayashi,1
fumiootsuka,Fumio Otsuka,1
toshihirokoyama,Toshihiro Koyama,1
kazuyanagasaki,Kazuya Nagasaki,1
yukikaji,Yuki Kaji,1
yoshikiwada,Yoshiki Wada,1
takafumisasaki,Takafumi Sasaki,1
ji-yeseo,Ji-Ye Seo,1
yu-jungkim,Yu-Jung Kim,1
seong-yoonkim,Seong-Yoon Kim,1
hee-illee,Hee-Il Lee,1
bachirkhezzani,Bachir Khezzani,1
magdalenabaymakova,Magdalena Baymakova,1
elaminekhechekhouche,El Amine Khechekhouche,1
iliatsachev,Ilia Tsachev,1
ciaránstanley,Ciarán Stanley,1
davidlennon,David Lennon,1
frankmoriarty,Frank Moriarty,1
gerardasheridan,Gerard A Sheridan,1
matthewnagle,Matthew Nagle,1
alexandrafoley,Alexandra Foley,1
conormoran,Conor Moran,1
michaeldonnelly,Michael Donnelly,1
arnejohannorheim,Arne Johan Norheim,1
wendysullivan-kwantes,Wendy Sullivan-Kwantes,1
tuvasteinberg,Tuva Steinberg,1
johncastellani,John Castellani,1
karlefriedl,Karl E Friedl,1
mariclamarrone,Maricla Marrone,1
luigibuongiorno,Luigi Buongiorno,1
pierluigicaricato,Pierluigi Caricato,1
fortunatopititto,Fortunato Pititto,1
benedettapiadeluca,Benedetta Pia De Luca,1
carloangeletti,Carlo Angeletti,1
gabrielesebastiani,Gabriele Sebastiani,1
elianocascardi,Eliano Cascardi,1
giuseppeingravallo,Giuseppe Ingravallo,1
alessandrastellacci,Alessandra Stellacci,1
gerardocazzato,Gerardo Cazzato,1
deepakbalasubramanian,Deepak Balasubramanian,1
mariolópez-pérez,Mario López-Pérez,1
salvadoralmagro-moreno,Salvador Almagro-Moreno,1
donghonggao,Donghong Gao,1
samanthafriedman,Samantha Friedman,1
akikohosler,Akiko Hosler,1
scottsheridan,Scott Sheridan,1
wangjianzhang,Wangjian Zhang,1
shaolin,Shao Lin,1
nooshinmojahed,Nooshin Mojahed,1
mohammadalimohammadkhani,Mohammad Ali Mohammadkhani,1
ashrafmohamadkhani,Ashraf Mohamadkhani,1
samueljvirolainen,Samuel J Virolainen,1
andrewvonhandorf,Andrew VonHandorf,1
kenyattacmfviel,Kenyatta C M F Viel,1
matthewtweirauch,Matthew T Weirauch,1
leahckottyan,Leah C Kottyan,1
lucasrkoester,Lucas R Koester,1
krishayman,Kris Hayman,1
chironjanderson,Chiron J Anderson,1
bienvenidowtibbs-cortes,Bienvenido W Tibbs-Cortes,1
karriemdaniels,Karrie M Daniels,1
faithmseggerman,Faith M Seggerman,1
patrickjgorden,Patrick J Gorden,1
marklyte,Mark Lyte,1
stephanschmitz-esser,Stephan Schmitz-Esser,1
elizabethlandrade,Elizabeth L Andrade,1
amaliscordova,Amalis Cordova,1
courtneyriggle-vanschagen,Courtney Riggle-van Schagen,1
meganjula,Megan Jula,1
carloserodriguez-diaz,Carlos E Rodriguez-Diaz,1
mivonnerivera,M Ivonne Rivera,1
carlossantos-burgoa,Carlos Santos-Burgoa,1
zsuzsannaszőke,Zsuzsanna Szőke,1
biankababarczi,Bianka Babarczi,1
miklósmézes,Miklós Mézes,1
istvánlakatos,István Lakatos,1
miklóspoór,Miklós Poór,1
eszterfliszár-nyúl,Eszter Fliszár-Nyúl,1
miklósoldal,Miklós Oldal,1
árpádczéh,Árpád Czéh,1
kornéliabodó,Kornélia Bodó,1
györgynagyéri,György Nagyéri,1
szilamérferenczi,Szilamér Ferenczi,1
masoumehvali,Masoumeh Vali,1
khodakaramsalimifard,Khodakaram Salimifard,1
amirhgandomi,Amir H Gandomi,1
thierryjchaussalet,Thierry J Chaussalet,1
ai-phuonghoang-thi,Ai-Phuong Hoang-Thi,1
anh-thudang-thi,Anh-Thu Dang-Thi,1
sangphan-van,Sang Phan-Van,1
thongnguyen-ba,Thong Nguyen-Ba,1
phuong-lantruong-thi,Phuong-Lan Truong-Thi,1
tamle-minh,Tam Le-Minh,1
quoc-huynguyen-vu,Quoc-Huy Nguyen-Vu,1
tungnguyen-thanh,Tung Nguyen-Thanh,1
maríaigonzález-pérez,María I González-Pérez,1
bastianfaulhaber,Bastian Faulhaber,1
markwilliams,Mark Williams,1
josepbrosa,Josep Brosa,1
nuriapujol,Nuria Pujol,1
martaverdún,Marta Verdún,1
pancraçvillalonga,Pancraç Villalonga,1
joaoencarnação,Joao Encarnação,1
matteoserano,Matteo Serano,1
ceciliapaolini,Cecilia Paolini,1
antoniomichelucci,Antonio Michelucci,1
laurapietrangelo,Laura Pietrangelo,1
flaviaaguarnier,Flavia A Guarnier,1
felicianoprotasi,Feliciano Protasi,1
shiyongyang,Shiyong Yang,1
wenqiangxu,Wenqiang Xu,1
chaoluntan,Chaolun Tan,1
minghaoli,Minghao Li,1
datianli,Datian Li,1
chaoyangzhang,Chaoyang Zhang,1
langkunfeng,Langkun Feng,1
qianyuchen,Qianyu Chen,1
junjiang,Jun Jiang,1
yunkunli,Yunkun Li,1
zongjundu,Zongjun Du,1
weiluo,Wei Luo,1
caiyili,Caiyi Li,1
quangong,Quan Gong,1
xiaolihuang,Xiaoli Huang,1
xiaogangdu,Xiaogang Du,1
jundu,Jun Du,1
guangxunliu,Guangxun Liu,1
jiayunwu,Jiayun Wu,1
svenschneider,Sven Schneider,1
alexandravonwinning,Alexandra von Winning,1
fionagrüger,Fiona Grüger,1
stefananderer,Stefan Anderer,1
roberthoffner,Robert Hoffner,1
liliananderson,Lilian Anderson,1
kevinomurray,Kevin O Murray,1
thomaslclanton,Thomas L Clanton,1
michalhorowitz,Michal Horowitz,1
marialauradacostalouzada,Maria Laura da Costa Louzada,1
cláudiaraulinotramontt,Cláudia Raulino Tramontt,1
julianagiajlevradejesus,Juliana Giaj Levra de Jesus,1
fernandarauber,Fernanda Rauber,1
jacquelineresendeberrielhochberg,Jacqueline Resende Berriel Hochberg,1
thanisesabrinasouzasantos,Thanise Sabrina Souza Santos,1
patriciaconstantejaime,Patricia Constante Jaime,1
chuan-fengwu,Chuan-Feng Wu,1
su-yingguo,Su-Ying Guo,1
luli,Lu Li,1
li-juanzhang,Li-Juan Zhang,1
yin-longli,Yin-Long Li,1
shi-zhuli,Shi-Zhu Li,1
jingxu,Jing Xu,1
jin-hayoon,Jin-Ha Yoon,1
won-taelee,Won-Tae Lee,1
minjooyoon,Min Joo Yoon,1
wanhyunglee,Wanhyung Lee,1
vincenzolorusso,Vincenzo Lorusso,1
franciscasteixeira,Francisca S Teixeira,1
susanasmpvidigal,Susana S M P Vidigal,1
lígialpimentel,Lígia L Pimentel,1
paulatcosta,Paula T Costa,1
manuelaepintado,Manuela E Pintado,1
luísmrodríguez-alcalá,Luís M Rodríguez-Alcalá,1
ludmilladasilvavianajacobson,Ludmilla da Silva Viana Jacobson,1
beatrizfátimaalvesdeoliveira,Beatriz Fátima Alves de Oliveira,1
rochelleschneider,Rochelle Schneider,1
antoniogasparrini,Antonio Gasparrini,1
sandradesouzahacon,Sandra de Souza Hacon,1
hsiao-yuyang,Hsiao-Yu Yang,1
jasonkaiweilee,Jason Kai Wei Lee,1
judithestévez-herrera,Judith Estévez-Herrera,1
silviapérez-yanes,Silvia Pérez-Yanes,1
rominacabrera-rodríguez,Romina Cabrera-Rodríguez,1
danielmárquez-arce,Daniel Márquez-Arce,1
rodrigotrujillo-gonzález,Rodrigo Trujillo-González,1
josé-davidmachado,José-David Machado,1
ricardomadrid,Ricardo Madrid,1
agustínvalenzuela-fernández,Agustín Valenzuela-Fernández,1
joycekeifer,Joyce Keifer,1
cliffhsummers,Cliff H Summers,1
medineigulcebi,Medine I Gulcebi,1
emanuelebartolini,Emanuele Bartolini,1
omaylee,Omay Lee,1
christospanagiotislisgaras,Christos Panagiotis Lisgaras,1
filizonat,Filiz Onat,1
janetmifsud,Janet Mifsud,1
pasqualestriano,Pasquale Striano,1
annamariavezzani,Annamaria Vezzani,1
michaelshildebrand,Michael S Hildebrand,1
diegojimenez-jimenez,Diego Jimenez-Jimenez,1
larryjunck,Larry Junck,1
davidlewis-smith,David Lewis-Smith,1
ingridescheffer,Ingrid E Scheffer,1
rolanddthijs,Roland D Thijs,1
sameermzuberi,Sameer M Zuberi,1
stephenblenkinsop,Stephen Blenkinsop,1
hayleyjfowler,Hayley J Fowler,1
aideenfoley,Aideen Foley,1
sanjaymsisodiya,Sanjay M Sisodiya,1
sailenbarik,Sailen Barik,1
zhidongliu,Zhidong Liu,1
yiwenzhang,Yiwen Zhang,1
yingzhang,Ying Zhang,1
qigao,Qi Gao,1
shuziwang,Shuzi Wang,1
shuyuesun,Shuyue Sun,1
baofajiang,Baofa Jiang,1
chinleonglim,Chin Leong Lim,1
lionelkoch,Lionel Koch,1
anne-aurelielopes,Anne-Aurelie Lopes,1
avelinamaiguy,Avelina Maiguy,1
sophieguillier,Sophie Guillier,1
laurentguillier,Laurent Guillier,1
jean-nicolastournier,Jean-Nicolas Tournier,1
fabricebiot,Fabrice Biot,1
jeancalleja-agius,Jean Calleja-Agius,1
kathleenengland,Kathleen England,1
nevillecalleja,Neville Calleja,1
tbein,T Bein,1
ckaragiannidis,C Karagiannidis,1
mgründling,M Gründling,1
mquintel,M Quintel,1
chan-youngkwon,Chan-Young Kwon,1
boramlee,Boram Lee,1
sang-hokim,Sang-Ho Kim,1
hafizmuhammadabubakarsiddique,Hafiz Muhammad Abubakar Siddique,1
adiqakkiani,Adiqa K Kiani,1
thomasbein,Thomas Bein,1
christiankaragiannidis,Christian Karagiannidis,1
michaelquintel,Michael Quintel,1
michaelrrossiello,Michael R Rossiello,1
anthonyszema,Anthony Szema,1
samanthato,Samantha To,1
courtneycoughenour,Courtney Coughenour,1
jenniferpharr,Jennifer Pharr,1
evajánová,Eva Jánová,1
francescofeletti,Francesco Feletti,1
vivianamucci,Viviana Mucci,1
andreaaliverti,Andrea Aliverti,1
hanlugao,Hanlu Gao,1
lilan,Li Lan,1
chaoyang,Chao Yang,1
jianwang,Jian Wang,1
yashuangzhao,Yashuang Zhao,1
andrewpunton,Andrew Punton,1
elizabethjcrossley,Elizabeth J Crossley,1
natasharmatthews,Natasha R Matthews,1
sarahcwalpole,Sarah C Walpole,1
talmarosenthal,Talma Rosenthal,1
mustafakursatsahin,Mustafa Kursat Sahin,1
gulaysahin,Gulay Sahin,1
ssahmed,S S Ahmed,1
ealp,E Alp,1
aulu-kilic,A Ulu-Kilic,1
gdinc,G Dinc,1
zaktas,Z Aktas,1
bada,B Ada,1
fbagirova,F Bagirova,1
ibaran,I Baran,1
yersoy,Y Ersoy,1
sesen,S Esen,1
tgguven,T G Guven,1
jhopman,J Hopman,1
shosoglu,S Hosoglu,1
fkoksal,F Koksal,1
eparlak,E Parlak,1
anyalcin,A N Yalcin,1
gyilmaz,G Yilmaz,1
avoss,A Voss,1
wmelchers,W Melchers,1
dkfaria,D K Faria,1
jndealmeidajúnior,J N de Almeida Júnior,1
csfaria,C S Faria,1
bdurante,B Durante,1
bffalasco,B F Falasco,1
eterrerineto,E Terreri Neto,1
lantonangelo,L Antonangelo,1
